<?xml version="1.0" encoding="UTF-8"?>
<data>
    <AC_CONFIG_PROJECT_MAPPING>
        <ID><![CDATA[1095961628417777671]]></ID>
        <PROJECT_ID><![CDATA[11484550701988]]></PROJECT_ID>
        <CONFIG_TYPE><![CDATA[3900]]></CONFIG_TYPE>
        <MODIFIED_DATE><![CDATA[null]]></MODIFIED_DATE>
        <CONFIG_MAPPING_NAME><![CDATA[ddd]]></CONFIG_MAPPING_NAME>
    </AC_CONFIG_PROJECT_MAPPING>
    <columnInfo dbtype="4">
        <column name="ID" type="-5"/>
        <column name="PROJECT_ID" type="12"/>
        <column name="CONFIG_MAPPING_NAME" type="12"/>
        <column name="CONFIG_TYPE" type="4"/>
        <column name="MODIFIED_DATE" type="93"/>
    </columnInfo>
    <AC_CONFIG_PROJECT_MAPPING>
        <PROJECT_ID><![CDATA[11484550701988]]></PROJECT_ID>
        <MODIFIED_DATE><![CDATA[2024-01-12T14:46:37]]></MODIFIED_DATE>
        <CONFIG_TYPE><![CDATA[3901]]></CONFIG_TYPE>
        <ID><![CDATA[1195378307331469312]]></ID>
        <CONFIG_MAPPING_NAME><![CDATA[{"url":"https://github.com/akashy007/mumukshu_private.git","branchName":"main","filePath":"kafka.properties","password":"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","userName":"akashy007"}]]></CONFIG_MAPPING_NAME>
    </AC_CONFIG_PROJECT_MAPPING>
    <AC_CONFIG_PROJECT_MAPPING>
        <PROJECT_ID><![CDATA[11484550701988]]></PROJECT_ID>
        <CONFIG_MAPPING_NAME><![CDATA[ddd]]></CONFIG_MAPPING_NAME>
        <CONFIG_TYPE><![CDATA[3900]]></CONFIG_TYPE>
        <ID><![CDATA[1095961628417777671]]></ID>
        <MODIFIED_DATE><![CDATA[null]]></MODIFIED_DATE>
    </AC_CONFIG_PROJECT_MAPPING>
    <AC_CONFIG_PROJECT_MAPPING>
        <CONFIG_MAPPING_NAME><![CDATA[{"url":"https://github.com/akashy007/mumukshu_private.git","branchName":"main","filePath":"kafka.properties","password":"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","userName":"akashy007"}]]></CONFIG_MAPPING_NAME>
        <CONFIG_TYPE><![CDATA[3901]]></CONFIG_TYPE>
        <ID><![CDATA[1195378307331469312]]></ID>
        <MODIFIED_DATE><![CDATA[2024-01-12T14:46:37]]></MODIFIED_DATE>
        <PROJECT_ID><![CDATA[11484550701988]]></PROJECT_ID>
    </AC_CONFIG_PROJECT_MAPPING>
</data>
