<?xml version="1.0" encoding="UTF-8"?>
<data>
    <AU_GROUPS>
        <au_id><![CDATA[127000000001107055548721600002]]></au_id>
        <au_title><![CDATA[]]></au_title>
        <au_version><![CDATA[1]]></au_version>
        <au_comment><![CDATA[]]></au_comment>
        <au_modifiedBy><![CDATA[IndigoUser:1206493874042290176]]></au_modifiedBy>
        <au_projectOwner><![CDATA[Default]]></au_projectOwner>
        <au_groupInfo><![CDATA[K8QswfddIduKjYZJo7AwgclYZPnFCTzRUSyxdim3JrzK5v8CUYpBult9MBz+2s6/]]></au_groupInfo>
        <au_userOwner><![CDATA[IndigoUser:1206493874042290176]]></au_userOwner>
        <au_permissionMask><![CDATA[711]]></au_permissionMask>
        <au_activeVersion><![CDATA[1]]></au_activeVersion>
        <au_modifiedDate><![CDATA[2022-04-28T05:43:21]]></au_modifiedDate>
        <au_creationDate><![CDATA[2022-04-28T05:43:21]]></au_creationDate>
        <au_revision><![CDATA[null]]></au_revision>
        <au_webDavFolder><![CDATA[WebDavFolder:192168001207112972325504600001]]></au_webDavFolder>
        <au_synchronized><![CDATA[null]]></au_synchronized>
        <au_previousVersion><![CDATA[]]></au_previousVersion>
        <au_comments><![CDATA[]]></au_comments>
        <au_groupOwner><![CDATA[IndigoGroup:192168001075148181566048300002]]></au_groupOwner>
        <au_description><![CDATA[Administrative group]]></au_description>
        <au_entityName><![CDATA[administrators]]></au_entityName>
    </AU_GROUPS>
    <columnInfo dbtype="4">
        <column name="au_id" type="12"/>
        <column name="au_version" type="12"/>
        <column name="au_previousVersion" type="12"/>
        <column name="au_activeVersion" type="3"/>
        <column name="au_entityName" type="12"/>
        <column name="au_userOwner" type="12"/>
        <column name="au_groupOwner" type="12"/>
        <column name="au_permissionMask" type="12"/>
        <column name="au_description" type="12"/>
        <column name="au_comments" type="12"/>
        <column name="au_modifiedBy" type="12"/>
        <column name="au_creationDate" type="93"/>
        <column name="au_modifiedDate" type="93"/>
        <column name="au_revision" type="12"/>
        <column name="au_synchronized" type="3"/>
        <column name="au_projectOwner" type="12"/>
        <column name="au_title" type="12"/>
        <column name="au_comment" type="12"/>
        <column name="au_webDavFolder" type="12"/>
        <column name="au_groupInfo" type="12"/>
    </columnInfo>
    <AU_GROUPS>
        <au_comments><![CDATA[]]></au_comments>
        <au_modifiedBy><![CDATA[IndigoUser:1206493874042290176]]></au_modifiedBy>
        <au_title><![CDATA[]]></au_title>
        <au_id><![CDATA[192168001075148181566048300002]]></au_id>
        <au_version><![CDATA[1]]></au_version>
        <au_entityName><![CDATA[Group_1]]></au_entityName>
        <au_description><![CDATA[Dummy Group]]></au_description>
        <au_creationDate><![CDATA[2022-04-28T05:43:22]]></au_creationDate>
        <au_synchronized><![CDATA[null]]></au_synchronized>
        <au_comment><![CDATA[]]></au_comment>
        <au_previousVersion><![CDATA[]]></au_previousVersion>
        <au_modifiedDate><![CDATA[2022-04-28T05:43:22]]></au_modifiedDate>
        <au_userOwner><![CDATA[IndigoUser:1206493874042290176]]></au_userOwner>
        <au_groupOwner><![CDATA[IndigoGroup:192168001075148181566048300002]]></au_groupOwner>
        <au_activeVersion><![CDATA[1]]></au_activeVersion>
        <au_groupInfo><![CDATA[K8QswfddIduKjYZJo7AwgclYZPnFCTzRUSyxdim3JrzK5v8CUYpBult9MBz+2s6/]]></au_groupInfo>
        <au_webDavFolder><![CDATA[WebDavFolder:192168001207112972325504600001]]></au_webDavFolder>
        <au_projectOwner><![CDATA[Default]]></au_projectOwner>
        <au_permissionMask><![CDATA[711]]></au_permissionMask>
        <au_revision><![CDATA[null]]></au_revision>
    </AU_GROUPS>
</data>
