<?xml version="1.0" encoding="UTF-8"?>
<data>
    <AU_GROUPS>
        <au_creationDate><![CDATA[2017-02-08T15:04:05]]></au_creationDate>
        <au_revision><![CDATA[27530cd17e6a2f76aa3967acc2788557826a0eca]]></au_revision>
        <au_modifiedBy><![CDATA[IndigoUser:010000001028165665454010100004]]></au_modifiedBy>
        <au_previousVersion><![CDATA[null]]></au_previousVersion>
        <au_activeVersion><![CDATA[1]]></au_activeVersion>
        <au_comments><![CDATA[null]]></au_comments>
        <au_groupInfo><![CDATA[K8QswfddIduKjYZJo7AwgclYZPnFCTzRUSyxdim3JrzK5v8CUYpBult9MBz+2s6/]]></au_groupInfo>
        <au_permissionMask><![CDATA[711]]></au_permissionMask>
        <au_version><![CDATA[1]]></au_version>
        <au_entityName><![CDATA[administrators]]></au_entityName>
        <au_comment><![CDATA[null]]></au_comment>
        <au_id><![CDATA[127000000001107055548721600002]]></au_id>
        <au_projectOwner><![CDATA[Default]]></au_projectOwner>
        <au_title><![CDATA[null]]></au_title>
        <au_webDavFolder><![CDATA[WebDavFolder:192168001207112972325504600001]]></au_webDavFolder>
        <au_description><![CDATA[Administrative group]]></au_description>
        <au_synchronized><![CDATA[1]]></au_synchronized>
        <au_userOwner><![CDATA[IndigoUser:010000001028165665454010100004]]></au_userOwner>
        <au_groupOwner><![CDATA[IndigoGroup:192168001075148181566048300002]]></au_groupOwner>
        <au_modifiedDate><![CDATA[2017-02-08T15:04:05]]></au_modifiedDate>
    </AU_GROUPS>
    <columnInfo dbtype="4">
        <column name="au_id" type="12"/>
        <column name="au_version" type="12"/>
        <column name="au_previousVersion" type="12"/>
        <column name="au_activeVersion" type="3"/>
        <column name="au_entityName" type="12"/>
        <column name="au_userOwner" type="12"/>
        <column name="au_groupOwner" type="12"/>
        <column name="au_permissionMask" type="12"/>
        <column name="au_description" type="12"/>
        <column name="au_comments" type="12"/>
        <column name="au_modifiedBy" type="12"/>
        <column name="au_creationDate" type="93"/>
        <column name="au_modifiedDate" type="93"/>
        <column name="au_revision" type="12"/>
        <column name="au_synchronized" type="3"/>
        <column name="au_projectOwner" type="12"/>
        <column name="au_title" type="12"/>
        <column name="au_comment" type="12"/>
        <column name="au_webDavFolder" type="12"/>
        <column name="au_groupInfo" type="12"/>
    </columnInfo>
    <AU_GROUPS>
        <au_modifiedDate><![CDATA[2016-12-15T11:00:28]]></au_modifiedDate>
        <au_userOwner><![CDATA[IndigoUser:010000001028165665454010100004]]></au_userOwner>
        <au_title><![CDATA[null]]></au_title>
        <au_version><![CDATA[1]]></au_version>
        <au_projectOwner><![CDATA[Default]]></au_projectOwner>
        <au_comment><![CDATA[null]]></au_comment>
        <au_revision><![CDATA[e1ef054ce4f5a07953a68d952a2caa487df0b36a]]></au_revision>
        <au_groupOwner><![CDATA[IndigoGroup:192168001075148181566048300002]]></au_groupOwner>
        <au_description><![CDATA[Dummy Group]]></au_description>
        <au_modifiedBy><![CDATA[IndigoUser:010000001028165665454010100004]]></au_modifiedBy>
        <au_webDavFolder><![CDATA[WebDavFolder:192168001207112972325504600001]]></au_webDavFolder>
        <au_previousVersion><![CDATA[null]]></au_previousVersion>
        <au_groupInfo><![CDATA[K8QswfddIduKjYZJo7AwgclYZPnFCTzRUSyxdim3JrzK5v8CUYpBult9MBz+2s6/]]></au_groupInfo>
        <au_id><![CDATA[192168001075148181566048300002]]></au_id>
        <au_entityName><![CDATA[Group_1]]></au_entityName>
        <au_permissionMask><![CDATA[711]]></au_permissionMask>
        <au_activeVersion><![CDATA[1]]></au_activeVersion>
        <au_creationDate><![CDATA[2016-12-15T10:31:16]]></au_creationDate>
        <au_comments><![CDATA[null]]></au_comments>
        <au_synchronized><![CDATA[1]]></au_synchronized>
    </AU_GROUPS>
</data>
