<?xml version="1.0" encoding="UTF-8"?>
<data>
    <AU_FTPTARGET>
        <au_projectOwner><![CDATA[Project:11484550701988]]></au_projectOwner>
        <au_id><![CDATA[1210188548672204800]]></au_id>
        <au_ftpUserId><![CDATA[servicesftp]]></au_ftpUserId>
        <au_hostName><![CDATA[ftp2.adeptia.com]]></au_hostName>
        <au_autoFolderCreation><![CDATA[None]]></au_autoFolderCreation>
        <au_revision><![CDATA[null]]></au_revision>
        <au_port><![CDATA[21]]></au_port>
        <au_connectorName><![CDATA[apacheCamel]]></au_connectorName>
        <au_accountId><![CDATA[null]]></au_accountId>
        <au_modifiedBy><![CDATA[IndigoUser:1210123820122451968]]></au_modifiedBy>
        <au_ftpOverSSL><![CDATA[0]]></au_ftpOverSSL>
        <au_creationDate><![CDATA[2024-02-22T11:37:14]]></au_creationDate>
        <au_previousVersion><![CDATA[]]></au_previousVersion>
        <au_preferredAuthentications><![CDATA[]]></au_preferredAuthentications>
        <au_fileName><![CDATA[test2.xlsx.json]]></au_fileName>
        <au_groupOwner><![CDATA[IndigoGroup:192168001075148181566048300002]]></au_groupOwner>
        <au_ftpTimeout><![CDATA[60]]></au_ftpTimeout>
        <au_filePattern><![CDATA[0|0|N]]></au_filePattern>
        <au_userOwner><![CDATA[IndigoUser:1210123820122451968]]></au_userOwner>
        <au_keyManager><![CDATA[null]]></au_keyManager>
        <au_version><![CDATA[1]]></au_version>
        <au_synchronized><![CDATA[0]]></au_synchronized>
        <au_entityName><![CDATA[ftp_target_Copy]]></au_entityName>
        <au_secured><![CDATA[0]]></au_secured>
        <au_useJ2SSH><![CDATA[0]]></au_useJ2SSH>
        <au_permissionMask><![CDATA[770]]></au_permissionMask>
        <au_ftpsMode><![CDATA[null]]></au_ftpsMode>
        <au_transferType><![CDATA[PASSIVE]]></au_transferType>
        <au_modifiedDate><![CDATA[2024-02-26T09:38:19]]></au_modifiedDate>
        <au_ftpProtectionLevel><![CDATA[None]]></au_ftpProtectionLevel>
        <au_password><![CDATA[I9kjPDBMI1b5gUf1bGa2aiI7xxd8VvHKao745IV6OEk=]]></au_password>
        <au_description><![CDATA[ftp target 12345]]></au_description>
        <au_addOnConfigurations><![CDATA[]]></au_addOnConfigurations>
        <au_keyStoreNameForFTP><![CDATA[None]]></au_keyStoreNameForFTP>
        <au_activeVersion><![CDATA[1]]></au_activeVersion>
        <au_comments><![CDATA[null]]></au_comments>
        <AU_CONFIGMETADATA><![CDATA[null]]></AU_CONFIGMETADATA>
        <au_remoteFilePath><![CDATA[/nayan/assignment6]]></au_remoteFilePath>
        <au_debugMode><![CDATA[0]]></au_debugMode>
        <au_transferMode><![CDATA[BINARY]]></au_transferMode>
        <au_ftpValidateServer><![CDATA[0]]></au_ftpValidateServer>
    </AU_FTPTARGET>
    <columnInfo dbtype="4">
        <column name="au_id" type="12"/>
        <column name="au_version" type="12"/>
        <column name="au_previousVersion" type="12"/>
        <column name="au_activeVersion" type="3"/>
        <column name="au_entityName" type="12"/>
        <column name="au_userOwner" type="12"/>
        <column name="au_groupOwner" type="12"/>
        <column name="au_permissionMask" type="12"/>
        <column name="au_description" type="12"/>
        <column name="au_comments" type="12"/>
        <column name="au_modifiedBy" type="12"/>
        <column name="au_creationDate" type="93"/>
        <column name="au_modifiedDate" type="93"/>
        <column name="au_revision" type="12"/>
        <column name="au_synchronized" type="3"/>
        <column name="au_projectOwner" type="12"/>
        <column name="au_hostName" type="12"/>
        <column name="au_port" type="4"/>
        <column name="au_ftpUserId" type="12"/>
        <column name="au_password" type="12"/>
        <column name="au_remoteFilePath" type="12"/>
        <column name="au_fileName" type="12"/>
        <column name="au_filePattern" type="12"/>
        <column name="au_autoFolderCreation" type="12"/>
        <column name="au_transferType" type="12"/>
        <column name="au_transferMode" type="12"/>
        <column name="au_secured" type="3"/>
        <column name="au_ftpOverSSL" type="3"/>
        <column name="au_ftpsMode" type="12"/>
        <column name="au_ftpTimeout" type="12"/>
        <column name="au_ftpProtectionLevel" type="12"/>
        <column name="au_keyManager" type="12"/>
        <column name="au_ftpValidateServer" type="3"/>
        <column name="au_keyStoreNameForFTP" type="12"/>
        <column name="au_useJ2SSH" type="3"/>
        <column name="au_connectorName" type="12"/>
        <column name="au_debugMode" type="3"/>
        <column name="au_accountId" type="12"/>
        <column name="au_addOnConfigurations" type="-1"/>
        <column name="au_preferredAuthentications" type="12"/>
        <column name="AU_CONFIGMETADATA" type="12"/>
    </columnInfo>
</data>
