<?xml version="1.0" encoding="UTF-8"?>
<data>
    <AU_JSONSCHEMA>
        <au_synchronized><![CDATA[0]]></au_synchronized>
        <au_previousVersion><![CDATA[]]></au_previousVersion>
        <au_activeVersion><![CDATA[1]]></au_activeVersion>
        <au_permissionMask><![CDATA[770]]></au_permissionMask>
        <au_comments><![CDATA[null]]></au_comments>
        <au_removeLeadingZeros><![CDATA[0]]></au_removeLeadingZeros>
        <au_jsonFilePath><![CDATA[C:\fakepath\test.json]]></au_jsonFilePath>
        <au_version><![CDATA[1]]></au_version>
        <au_originalJson><![CDATA[[ {
  "first_name" : "Stanton",
  "last_name" : "Dowdeswell",
  "email" : "sdowdeswell0@merriam-webster.com",
  "gender" : "Male"
} ]]]></au_originalJson>
        <au_jsonType><![CDATA[1]]></au_jsonType>
        <au_json><![CDATA[{"fieldName":"Root","expanded":true,"leaf":false,"children":[{"fieldName":"item","expanded":true,"isAttribute":false,"leaf":false,"value":"\n  ","children":[{"fieldName":"first_name","expanded":true,"isAttribute":false,"value":"Stanton","leaf":true},{"fieldName":"last_name","expanded":true,"isAttribute":false,"value":"Dowdeswell","leaf":true},{"fieldName":"email","expanded":true,"isAttribute":false,"value":"sdowdeswell0@merriam-webster.com","leaf":true},{"fieldName":"gender","expanded":true,"isAttribute":false,"value":"Male","leaf":true}]}]}]]></au_json>
        <au_entityName><![CDATA[json_layout]]></au_entityName>
        <au_creationDate><![CDATA[2024-02-21T10:37:36]]></au_creationDate>
        <au_groupOwner><![CDATA[IndigoGroup:127000000001107055548721600002]]></au_groupOwner>
        <AU_REUSABLE><![CDATA[1]]></AU_REUSABLE>
        <au_xsd><![CDATA[<Root>
  <item>
    <first_name>[ABPM_._ESCAPE_._CDATA_._START]Stanton[ABPM_._ESCAPE_._CDATA_._END]</first_name>
    <last_name>[ABPM_._ESCAPE_._CDATA_._START]Dowdeswell[ABPM_._ESCAPE_._CDATA_._END]</last_name>
    <email>[ABPM_._ESCAPE_._CDATA_._START]sdowdeswell0@merriam-webster.com[ABPM_._ESCAPE_._CDATA_._END]</email>
    <gender>[ABPM_._ESCAPE_._CDATA_._START]Male[ABPM_._ESCAPE_._CDATA_._END]</gender>
  </item>
</Root>
]]></au_xsd>
        <au_userOwner><![CDATA[IndigoUser:127000000001107055536473900001]]></au_userOwner>
        <au_modifiedDate><![CDATA[2024-02-21T10:37:36]]></au_modifiedDate>
        <au_id><![CDATA[1209811152229834752]]></au_id>
        <au_modifiedBy><![CDATA[IndigoUser:127000000001107055536473900001]]></au_modifiedBy>
        <au_revision><![CDATA[null]]></au_revision>
        <au_arrayFields><![CDATA[]]></au_arrayFields>
        <au_encodingUsed><![CDATA[UTF-8]]></au_encodingUsed>
        <au_specialCharacters><![CDATA[null]]></au_specialCharacters>
        <au_description><![CDATA[json layout]]></au_description>
        <xsdFilePath><![CDATA[null]]></xsdFilePath>
        <au_projectOwner><![CDATA[Default]]></au_projectOwner>
    </AU_JSONSCHEMA>
    <columnInfo dbtype="4">
        <column name="au_id" type="12"/>
        <column name="au_version" type="12"/>
        <column name="au_previousVersion" type="12"/>
        <column name="au_activeVersion" type="3"/>
        <column name="au_entityName" type="12"/>
        <column name="au_userOwner" type="12"/>
        <column name="au_groupOwner" type="12"/>
        <column name="au_permissionMask" type="12"/>
        <column name="au_description" type="12"/>
        <column name="au_comments" type="12"/>
        <column name="au_modifiedBy" type="12"/>
        <column name="au_creationDate" type="93"/>
        <column name="au_modifiedDate" type="93"/>
        <column name="au_revision" type="12"/>
        <column name="au_synchronized" type="3"/>
        <column name="au_projectOwner" type="12"/>
        <column name="au_xsd" type="-1"/>
        <column name="xsdFilePath" type="12"/>
        <column name="au_encodingUsed" type="12"/>
        <column name="AU_REUSABLE" type="3"/>
        <column name="au_json" type="-1"/>
        <column name="au_originalJson" type="-1"/>
        <column name="au_jsonFilePath" type="12"/>
        <column name="au_specialCharacters" type="-1"/>
        <column name="au_removeLeadingZeros" type="3"/>
        <column name="au_jsonType" type="4"/>
        <column name="au_arrayFields" type="-1"/>
    </columnInfo>
    <AU_JSONSCHEMA>
        <xsdFilePath><![CDATA[null]]></xsdFilePath>
        <au_jsonType><![CDATA[1]]></au_jsonType>
        <au_entityName><![CDATA[json_layout_Copy]]></au_entityName>
        <au_previousVersion><![CDATA[]]></au_previousVersion>
        <au_json><![CDATA[{"fieldName":"Root","expanded":true,"leaf":false,"children":[{"fieldName":"item","expanded":true,"isAttribute":false,"leaf":false,"value":"\n  ","children":[{"fieldName":"first_name","expanded":true,"isAttribute":false,"value":"Stanton","leaf":true},{"fieldName":"last_name","expanded":true,"isAttribute":false,"value":"Dowdeswell","leaf":true},{"fieldName":"email","expanded":true,"isAttribute":false,"value":"sdowdeswell0@merriam-webster.com","leaf":true},{"fieldName":"gender","expanded":true,"isAttribute":false,"value":"Male","leaf":true}]}]}]]></au_json>
        <au_originalJson><![CDATA[[ {
  "first_name" : "Stanton",
  "last_name" : "Dowdeswell",
  "email" : "sdowdeswell0@merriam-webster.com",
  "gender" : "Male"
} ]]]></au_originalJson>
        <au_id><![CDATA[1210188680385933312]]></au_id>
        <au_revision><![CDATA[null]]></au_revision>
        <au_removeLeadingZeros><![CDATA[0]]></au_removeLeadingZeros>
        <au_projectOwner><![CDATA[Project:11484550701988]]></au_projectOwner>
        <au_userOwner><![CDATA[IndigoUser:1210123820122451968]]></au_userOwner>
        <au_description><![CDATA[json layout]]></au_description>
        <au_modifiedBy><![CDATA[IndigoUser:1210123820122451968]]></au_modifiedBy>
        <au_permissionMask><![CDATA[770]]></au_permissionMask>
        <au_activeVersion><![CDATA[1]]></au_activeVersion>
        <au_specialCharacters><![CDATA[null]]></au_specialCharacters>
        <au_groupOwner><![CDATA[IndigoGroup:192168001075148181566048300002]]></au_groupOwner>
        <au_arrayFields><![CDATA[]]></au_arrayFields>
        <au_modifiedDate><![CDATA[2024-02-22T11:44:16]]></au_modifiedDate>
        <au_synchronized><![CDATA[0]]></au_synchronized>
        <au_jsonFilePath><![CDATA[C:\fakepath\test.json]]></au_jsonFilePath>
        <au_encodingUsed><![CDATA[UTF-8]]></au_encodingUsed>
        <au_version><![CDATA[1]]></au_version>
        <au_xsd><![CDATA[<Root>
  <item>
    <first_name>[ABPM_._ESCAPE_._CDATA_._START]Stanton[ABPM_._ESCAPE_._CDATA_._END]</first_name>
    <last_name>[ABPM_._ESCAPE_._CDATA_._START]Dowdeswell[ABPM_._ESCAPE_._CDATA_._END]</last_name>
    <email>[ABPM_._ESCAPE_._CDATA_._START]sdowdeswell0@merriam-webster.com[ABPM_._ESCAPE_._CDATA_._END]</email>
    <gender>[ABPM_._ESCAPE_._CDATA_._START]Male[ABPM_._ESCAPE_._CDATA_._END]</gender>
  </item>
</Root>]]></au_xsd>
        <au_comments><![CDATA[null]]></au_comments>
        <AU_REUSABLE><![CDATA[1]]></AU_REUSABLE>
        <au_creationDate><![CDATA[2024-02-22T11:37:46]]></au_creationDate>
    </AU_JSONSCHEMA>
</data>
