<?xml version="1.0" encoding="UTF-8"?>
<data>
    <AU_MAPPINGTRANSFORMATION>
        <au_modifiedDate><![CDATA[2024-02-22T11:46:47]]></au_modifiedDate>
        <au_customAutoMap><![CDATA[]]></au_customAutoMap>
        <au_entityName><![CDATA[export_mapping_Copy_Copy]]></au_entityName>
        <au_metadata><![CDATA[]]></au_metadata>
        <au_id><![CDATA[1210190719539097600]]></au_id>
        <au_aimapFreeze><![CDATA[0]]></au_aimapFreeze>
        <au_concurrentProcessors><![CDATA[1]]></au_concurrentProcessors>
        <au_dbInfoName><![CDATA[]]></au_dbInfoName>
        <au_projectOwner><![CDATA[Project:11484550701988]]></au_projectOwner>
        <au_groupOwner><![CDATA[IndigoGroup:192168001075148181566048300002]]></au_groupOwner>
        <au_pdfFileName><![CDATA[Adp_Map_Rules3956689628831471887.pdf]]></au_pdfFileName>
        <au_mapXmlFile><![CDATA[<?xml version="1.0" encoding="UTF-8"?><maps version="4.4">
<mappingInformation>
    <mappingVersion>6.1</mappingVersion>
    <mappingName>export_mapping_Copy_Copy</mappingName>
    <mappingProject>Project:11484550701988</mappingProject>
    <mappingDescription>export mapping</mappingDescription>
    <sourceSchemaID>ExcelSchema:1209812145243889664</sourceSchemaID>
    <targetSchemaID>JSONSchema:1209811152229834752</targetSchemaID>
    <mappingOwnerGroup>Group_1</mappingOwnerGroup>
    <mappingOwner>Nayan Tripathi</mappingOwner>
    <mappingLastModifiedBy>Nayan Tripathi</mappingLastModifiedBy>
    <mappingCreationDate>Thu Feb 22 11:45:52 GMT 2024</mappingCreationDate>
    <mappingModifiedDate>Thu Feb 22 11:46:46 GMT 2024</mappingModifiedDate>
    <reusable>null</reusable>
</mappingInformation>
<sourceRoots>
    <sourceRoot>
        <name>Root</name>
        <schemaName>excel_layout</schemaName>
        <schemaID>ExcelSchema:1209812145243889664</schemaID>
    </sourceRoot>
</sourceRoots>
<targetRoots>
    <targetRoot>
        <name>Root</name>
        <schemaName>json_layout</schemaName>
        <schemaID>JSONSchema:1209811152229834752</schemaID>
        <stream>output_1</stream>
    </targetRoot>
</targetRoots>
<nameSpace/>
<xslProperty/>
<GlobalPreCustomXSL/>
<GlobalPostCustomXSL/>
<xslTemplates/>
<map>
<order>1</order>
 <targetName>json_layout</targetName>
<dest>/Root/item/first_name</dest>
<preCustomXSL/>
<postCustomXSL/>
 <mapValue>$Input_excel_layout/Root/Record/first_name</mapValue>
 <forEach/>
 <comments/>
<namespacePrefix/>

 <namespaceRemovePrefix>false</namespaceRemovePrefix>
<localVariables/>
 <Sorting/>
 <Target name="first_name">
<Position height="25" identify="&lt;T&gt;" label="/Root/item/first_name" mapString="$Input_excel_layout/Root/Record/first_name" x="300" y="20">
<SourceLines/>
<TargetLines>
<Line x1="180" y1="32" x2="280" y2="32"/>
</TargetLines>
</Position>
<Position height="25" identify="&lt;S&gt;" label="$Input_excel_layout/Root/Record/first_name" mapString="&lt;S&gt;$Input_excel_layout/Root/Record/first_name" x="100" y="20">
<SourceLines>
<Line x1="180" y1="32" x2="280" y2="32"/>
</SourceLines>
<TargetLines/>
</Position>
</Target>
 </map>
<map>
<order>1</order>
 <targetName>json_layout</targetName>
<dest>/Root/item/last_name</dest>
<preCustomXSL/>
<postCustomXSL/>
 <mapValue>$Input_excel_layout/Root/Record/last_name</mapValue>
 <forEach/>
 <comments/>
<namespacePrefix/>

 <namespaceRemovePrefix>false</namespaceRemovePrefix>
<localVariables/>
 <Sorting/>
 <Target name="last_name">
<Position height="25" identify="&lt;S&gt;" label="$Input_excel_layout/Root/Record/last_name" mapString="&lt;S&gt;$Input_excel_layout/Root/Record/last_name" x="100" y="20">
<SourceLines>
<Line x1="180" y1="32" x2="280" y2="32"/>
</SourceLines>
<TargetLines/>
</Position>
<Position height="25" identify="&lt;T&gt;" label="/Root/item/last_name" mapString="$Input_excel_layout/Root/Record/last_name" x="300" y="20">
<SourceLines/>
<TargetLines>
<Line x1="180" y1="32" x2="280" y2="32"/>
</TargetLines>
</Position>
</Target>
 </map>
<map>
<order>1</order>
 <targetName>json_layout</targetName>
<dest>/Root/item/email</dest>
<preCustomXSL/>
<postCustomXSL/>
 <mapValue>$Input_excel_layout/Root/Record/email</mapValue>
 <forEach/>
 <comments/>
<namespacePrefix/>

 <namespaceRemovePrefix>false</namespaceRemovePrefix>
<localVariables/>
 <Sorting/>
 <Target name="email">
<Position height="25" identify="&lt;S&gt;" label="$Input_excel_layout/Root/Record/email" mapString="&lt;S&gt;$Input_excel_layout/Root/Record/email" x="100" y="20">
<SourceLines>
<Line x1="180" y1="32" x2="280" y2="32"/>
</SourceLines>
<TargetLines/>
</Position>
<Position height="25" identify="&lt;T&gt;" label="/Root/item/email" mapString="$Input_excel_layout/Root/Record/email" x="300" y="20">
<SourceLines/>
<TargetLines>
<Line x1="180" y1="32" x2="280" y2="32"/>
</TargetLines>
</Position>
</Target>
 </map>
<variables>
</variables>

<globalParameters>
<keys>
</keys>
<contextVariables>
</contextVariables>
</globalParameters>

<connections/>
<functions>
</functions>
<disableOutputNodes>
</disableOutputNodes>
<filters/>
    <valuemapNodes/>
<accessLevel>
<valueMap>global</valueMap>
        <globalTemplate>global</globalTemplate>
        <customAutoMap>global</customAutoMap>
</accessLevel>
<DataViewerRecordCount>50</DataViewerRecordCount>
<isQuickSplittingEnabled>false</isQuickSplittingEnabled>
<sourceExtensions/>
<targetExtensions/>
<disableOutputNodes/>
<characterSetEncoding>UTF-8</characterSetEncoding>
<tipOfTheDay>true</tipOfTheDay>
<contextSchemaLoadedAtSource>false</contextSchemaLoadedAtSource>
<contextSchemaLoadedAtTarget>false</contextSchemaLoadedAtTarget>
<contextSchemaDefinition/>
<filterUnmappedElement>false</filterUnmappedElement>
<indentOutputXML>true</indentOutputXML>
    <streamingMode>false</streamingMode>
    <filterEmptyElements>false</filterEmptyElements>
    <dbQueryCaching>false</dbQueryCaching>
<cacheIncludedSchemas>false</cacheIncludedSchemas>
<TreeExpandLevelCount>3</TreeExpandLevelCount>
<TreeExpandLevelCountForWebService>5</TreeExpandLevelCountForWebService>
<TreeExpandLevelForEasySchemaExtensions>10</TreeExpandLevelForEasySchemaExtensions>
    <SelfRecursionLevel>0</SelfRecursionLevel>
    <EnableTypesBuffering>true</EnableTypesBuffering>
    <CdataSectionElements/>
<excludeResultPrefixes> saxonJavaMappingTransformation saxonJavaMapperQueryExecutor saxonJavaAggregateFunctionHandler str</excludeResultPrefixes>
<webservice>
    <consumers/>
</webservice>

<CustomAutoMapInUse/>
<processElementFormDefault>true</processElementFormDefault>
<xslVersion2.0>false</xslVersion2.0>
<xslVersion3.0>false</xslVersion3.0>
<sourceXpath/>
<targetXpath/>
</maps>
]]></au_mapXmlFile>
        <au_parallelProcessing><![CDATA[0]]></au_parallelProcessing>
        <au_sourceSchema><![CDATA[ExcelSchema:1209812145243889664]]></au_sourceSchema>
        <au_storedProcedure><![CDATA[]]></au_storedProcedure>
        <au_optimizedLoading><![CDATA[1]]></au_optimizedLoading>
        <au_splitFile><![CDATA[0]]></au_splitFile>
        <au_persistDataEnabled><![CDATA[0]]></au_persistDataEnabled>
        <au_xslFile><![CDATA[<?xml version='1.0'?>
<xsl:stylesheet xmlns:xsl="http://www.w3.org/1999/XSL/Transform" version="1.1" xmlns:saxonJavaMappingTransformation="java:com.adeptia.indigo.services.mapping.MappingTransformation" xmlns:saxonJavaMapperQueryExecutor="java:com.adeptia.indigo.services.mapping.support.dbquery.MapperQueryExecutor" xmlns:saxonJavaAggregateFunctionHandler="java:com.adeptia.indigo.services.mapping.AggregateFunctionHandler"  xmlns:str="http://exslt.org/strings" exclude-result-prefixes="saxonJavaMappingTransformation saxonJavaMapperQueryExecutor saxonJavaAggregateFunctionHandler str" xmlns:saxon="http://saxon.sf.net/" extension-element-prefixes="saxon">
<xsl:output method="xml" version="1.0" encoding="UTF-8" cdata-section-elements="" indent="yes" /><xsl:param name="_userName"/><xsl:param name="_password"/><xsl:param name="_class"/><xsl:param name="_identifier"/><xsl:param name="_subject"/><xsl:param name="_repositoryPath"/><xsl:param name="_Input1"/> <xsl:variable name="varConn" select="saxonJavaMapperQueryExecutor:getInstance($_identifier,'false')"/> <xsl:variable name="apos">'</xsl:variable> <xsl:variable name="quot">"</xsl:variable><xsl:template match="/"><Root><item><first_name><xsl:value-of select="Root/Record/first_name"/></first_name><last_name><xsl:value-of select="Root/Record/last_name"/></last_name><email><xsl:value-of select="Root/Record/email"/></email><gender></gender></item></Root></xsl:template></xsl:stylesheet>]]></au_xslFile>
        <au_synchronized><![CDATA[0]]></au_synchronized>
        <au_version><![CDATA[1]]></au_version>
        <au_previousVersion><![CDATA[]]></au_previousVersion>
        <au_userOwner><![CDATA[IndigoUser:1210123820122451968]]></au_userOwner>
        <au_enableAIMap><![CDATA[0]]></au_enableAIMap>
        <au_modifiedBy><![CDATA[IndigoUser:1210123820122451968]]></au_modifiedBy>
        <au_aimapTrained><![CDATA[0]]></au_aimapTrained>
        <au_valueMap><![CDATA[<ValueMap/>]]></au_valueMap>
        <au_permissionMask><![CDATA[770]]></au_permissionMask>
        <au_xslTransformer><![CDATA[Saxon]]></au_xslTransformer>
        <au_creationDate><![CDATA[2024-02-22T11:45:52]]></au_creationDate>
        <au_activeVersion><![CDATA[1]]></au_activeVersion>
        <au_numberOfRecords><![CDATA[500]]></au_numberOfRecords>
        <au_json><![CDATA[{"json":{"category":"mapping","type":"mapping","encoding":"UTF-8","version":"1.0"},"cloneElements":"","filters":"","variables":{"variable":[]},"globalParameters":{"keys":{"key":[]},"contextVariables":{"contextVariable":[]}},"connections":{"connectionVariable":[]},"functions":{"externalFunction":[]},"filterUnmappedElements":false,"indentOutputXML":true,"xslVersion":"1.1","enableStreaming":false,"filterEmptyElements":false,"xslTransformer":"Saxon","characterSetEncoding":"UTF-8","DataViewerRecordCount":50,"dbQueryCaching":false,"isQuickSplittingEnabled":false,"TreeExpandLevelCountForWebService":5,"TreeExpandLevelForEasySchemaExtensions":10,"SelfRecursionLevel":0,"EnableTypesBuffering":true,"TreeExpandLevelCount":3,"onDemandLoadingOfXMLSchemaTree":true,"settingConfigs":{"xslVersion":"1.1","xslTransformer":"Saxon","filterUnmappedElements":false,"indentOutputXML":true,"filterEmptyElements":false,"enableStreaming":false,"characterSetEncoding":"UTF-8","DataViewerRecordCount":50,"dbQueryCaching":false,"isQuickSplittingEnabled":false,"TreeExpandLevelCountForWebService":5,"TreeExpandLevelForEasySchemaExtensions":10,"SelfRecursionLevel":0,"EnableTypesBuffering":true,"TreeExpandLevelCount":3,"onDemandLoadingOfXMLSchemaTree":true,"cDataSectionElements":"","excludeResultPrefixes":"saxonJavaMappingTransformation saxonJavaMapperQueryExecutor saxonJavaAggregateFunctionHandler str","cacheIncludedSchemas":false,"processElementFormDefault":true,"isAutoSaveEnable":true},"disableOuputNodes":{"disableOutputNodeProperty":[]},"isCustomXSLT":false,"contextSchemaLoadedAtSource":false,"contextSchemaLoadedAtTarget":false,"webservice":{"consumers":{"consumer":[]}},"GlobalPreCustomXSL":"","GlobalPostCustomXSL":"","xslTemplates":{"xslTemplateData":[]},"mappingTempId":1708513628596,"sourceXpath":"","targetXpath":"","connectorInfo":{},"cDataSectionElements":"","splittingData":false,"splitNumberOfRecords":"500","parallelProcessing":false,"maximumConcurrentProcessor":"1","CustomAutoMapInUse":"","excludeResultPrefixes":"saxonJavaMappingTransformation saxonJavaMapperQueryExecutor saxonJavaAggregateFunctionHandler str","cacheIncludedSchemas":false,"metaData":"","processElementFormDefault":true,"mappingInformation":{"mappingVersion":"6.1","mappingName":"export_mapping_Copy_Copy","mappingProject":"Project:11484550701988","mappingDescription":"export mapping","sourceSchemaID":"ExcelSchema:1209812145243889664","targetSchemaID":"JSONSchema:1209811152229834752","mappingOwnerGroup":"","mappingOwner":"","mappingLastModifiedBy":"","mappingCreationDate":"","mappingModifiedDate":"","reusable":null},"namespace":"","namespaceList":[],"foreach":"","targetRoots":{"targetRoot":[{"name":"Root","schemaName":"json_layout","schemaID":"JSONSchema:1209811152229834752","stream":"output_1"}]},"sourceRoots":{"sourceRoot":[{"name":"Root","schemaName":"excel_layout","schemaID":"ExcelSchema:1209812145243889664"}]},"contextSchemaDefinition":"","maps":[{"order":1,"targetName":"json_layout","targetfield":"first_name","targetfieldpath":"/Root/item/first_name","defaultEditor":"graphical","graphicalMappingJson":[{"elementId":"GraphicalElement-ext-1708513570656","elementItem":{"elementType":"SourceElement","name":"first_name","expression":"$Input_excel_layout/Root/Record/first_name","paramsCount":0,"syntax":"$Input_excel_layout/Root/Record/first_name"},"elementPos":[1600,1520],"nextElementIds":["GraphicalElement-ext-1708513570657_IncomingElement-1"],"nextGraphicalElementIds":["GraphicalElement-ext-1708513570657"],"previousElementIds":[]},{"elementId":"GraphicalElement-ext-1708513570657","elementItem":{"elementType":"TargetElement","name":"first_name","expression":"$Input_excel_layout/Root/Record/first_name","paramsCount":1,"syntax":"json_layout/Root/item/first_name"},"elementPos":[1800,1520],"nextElementIds":[],"nextGraphicalElementIds":[],"previousElementIds":["GraphicalElement-ext-1708513570656"]}],"expression":"$Input_excel_layout/Root/Record/first_name","targetrecord":"item","mapping":[{"sourceName":"excel_layout","operatortype":"field","sourcefield":"first_name","sourcefielddisplayname":"first_name","sourcefieldpath":"/Root/Record/first_name","sourcerecord":"Record","id":"Mapping-1"}],"markComplete":false,"mapId":"json_layout/Root/item/first_name"},{"order":1,"targetName":"json_layout","targetfield":"last_name","targetfieldpath":"/Root/item/last_name","defaultEditor":"graphical","graphicalMappingJson":[{"elementId":"GraphicalElement-ext-1708513574119","elementItem":{"elementType":"SourceElement","name":"last_name","expression":"$Input_excel_layout/Root/Record/last_name","paramsCount":0,"syntax":"$Input_excel_layout/Root/Record/last_name"},"elementPos":[1600,1520],"nextElementIds":["GraphicalElement-ext-1708513574120_IncomingElement-1"],"nextGraphicalElementIds":["GraphicalElement-ext-1708513574120"],"previousElementIds":[]},{"elementId":"GraphicalElement-ext-1708513574120","elementItem":{"elementType":"TargetElement","name":"last_name","expression":"$Input_excel_layout/Root/Record/last_name","paramsCount":1,"syntax":"json_layout/Root/item/last_name"},"elementPos":[1800,1520],"nextElementIds":[],"nextGraphicalElementIds":[],"previousElementIds":["GraphicalElement-ext-1708513574119"]}],"expression":"$Input_excel_layout/Root/Record/last_name","targetrecord":"item","mapping":[{"sourceName":"excel_layout","operatortype":"field","sourcefield":"last_name","sourcefielddisplayname":"last_name","sourcefieldpath":"/Root/Record/last_name","sourcerecord":"Record","id":"Mapping-2"}],"markComplete":false,"mapId":"json_layout/Root/item/last_name"},{"order":1,"targetName":"json_layout","targetfield":"email","targetfieldpath":"/Root/item/email","defaultEditor":"graphical","graphicalMappingJson":[{"elementId":"GraphicalElement-ext-1708513576768","elementItem":{"elementType":"SourceElement","name":"email","expression":"$Input_excel_layout/Root/Record/email","paramsCount":0,"syntax":"$Input_excel_layout/Root/Record/email"},"elementPos":[1600,1520],"nextElementIds":["GraphicalElement-ext-1708513576769_IncomingElement-1"],"nextGraphicalElementIds":["GraphicalElement-ext-1708513576769"],"previousElementIds":[]},{"elementId":"GraphicalElement-ext-1708513576769","elementItem":{"elementType":"TargetElement","name":"email","expression":"$Input_excel_layout/Root/Record/email","paramsCount":1,"syntax":"json_layout/Root/item/email"},"elementPos":[1800,1520],"nextElementIds":[],"nextGraphicalElementIds":[],"previousElementIds":["GraphicalElement-ext-1708513576768"]}],"expression":"$Input_excel_layout/Root/Record/email","targetrecord":"item","mapping":[{"sourceName":"excel_layout","operatortype":"field","sourcefield":"email","sourcefielddisplayname":"email","sourcefieldpath":"/Root/Record/email","sourcerecord":"Record","id":"Mapping-3"}],"markComplete":false,"mapId":"json_layout/Root/item/email"}],"sourceExpandLevel":3,"targetExpandLevel":3}]]></au_json>
        <au_comments><![CDATA[null]]></au_comments>
        <au_targetSchema><![CDATA[JSONSchema:1209811152229834752]]></au_targetSchema>
        <au_characterSetEncoding><![CDATA[UTF-8]]></au_characterSetEncoding>
        <AU_REUSABLE><![CDATA[1]]></AU_REUSABLE>
        <au_xslTemplate><![CDATA[<XslTemplate/>]]></au_xslTemplate>
        <au_revision><![CDATA[null]]></au_revision>
        <au_description><![CDATA[export mapping]]></au_description>
    </AU_MAPPINGTRANSFORMATION>
    <columnInfo dbtype="4">
        <column name="au_id" type="12"/>
        <column name="au_version" type="12"/>
        <column name="au_previousVersion" type="12"/>
        <column name="au_activeVersion" type="3"/>
        <column name="au_entityName" type="12"/>
        <column name="au_userOwner" type="12"/>
        <column name="au_groupOwner" type="12"/>
        <column name="au_permissionMask" type="12"/>
        <column name="au_description" type="12"/>
        <column name="au_comments" type="12"/>
        <column name="au_modifiedBy" type="12"/>
        <column name="au_creationDate" type="93"/>
        <column name="au_modifiedDate" type="93"/>
        <column name="au_revision" type="12"/>
        <column name="au_synchronized" type="3"/>
        <column name="au_projectOwner" type="12"/>
        <column name="au_persistDataEnabled" type="3"/>
        <column name="au_splitFile" type="3"/>
        <column name="au_numberOfRecords" type="4"/>
        <column name="au_optimizedLoading" type="3"/>
        <column name="au_sourceSchema" type="12"/>
        <column name="au_targetSchema" type="12"/>
        <column name="au_xslFile" type="-1"/>
        <column name="au_metadata" type="12"/>
        <column name="au_mapXmlFile" type="-1"/>
        <column name="au_json" type="-1"/>
        <column name="au_pdfFileName" type="12"/>
        <column name="au_parallelProcessing" type="3"/>
        <column name="au_concurrentProcessors" type="4"/>
        <column name="au_dbInfoName" type="12"/>
        <column name="au_customAutoMap" type="-1"/>
        <column name="au_valueMap" type="-1"/>
        <column name="au_xslTemplate" type="-1"/>
        <column name="au_xslTransformer" type="12"/>
        <column name="au_characterSetEncoding" type="12"/>
        <column name="au_enableAIMap" type="3"/>
        <column name="AU_REUSABLE" type="3"/>
        <column name="au_storedProcedure" type="-1"/>
        <column name="au_aimapFreeze" type="3"/>
        <column name="au_aimapTrained" type="3"/>
    </columnInfo>
</data>
