<?xml version="1.0" encoding="UTF-8"?>
<data>
    <AU_TRANSACTION>
        <au_OldFlowDescriptor><![CDATA[null]]></au_OldFlowDescriptor>
        <au_modifiedBy><![CDATA[IndigoUser:1210123820122451968]]></au_modifiedBy>
        <au_modifiedDate><![CDATA[2024-02-26T05:48:55]]></au_modifiedDate>
        <au_description><![CDATA[export pf]]></au_description>
        <au_groupOwner><![CDATA[IndigoGroup:192168001075148181566048300002]]></au_groupOwner>
        <au_advanced><![CDATA[1]]></au_advanced>
        <au_id><![CDATA[1210187527560507392]]></au_id>
        <au_loggingLevel><![CDATA[ERROR]]></au_loggingLevel>
        <au_retainVarXml><![CDATA[0]]></au_retainVarXml>
        <au_revision><![CDATA[null]]></au_revision>
        <au_dataEncryptionAtRest><![CDATA[useGlobalPolicy]]></au_dataEncryptionAtRest>
        <au_version><![CDATA[1]]></au_version>
        <au_userOwner><![CDATA[IndigoUser:1210123820122451968]]></au_userOwner>
        <au_permissionMask><![CDATA[770]]></au_permissionMask>
        <au_previousVersion><![CDATA[]]></au_previousVersion>
        <au_activeVersion><![CDATA[1]]></au_activeVersion>
        <au_recoverable><![CDATA[1]]></au_recoverable>
        <au_entityName><![CDATA[export2_pf]]></au_entityName>
        <au_childFlows><![CDATA[null]]></au_childFlows>
        <au_connectDashboardLogging><![CDATA[1]]></au_connectDashboardLogging>
        <au_creationDate><![CDATA[2024-02-22T11:33:11]]></au_creationDate>
        <au_activeFlag><![CDATA[1]]></au_activeFlag>
        <au_comments><![CDATA[null]]></au_comments>
        <au_priority><![CDATA[LOW]]></au_priority>
        <au_synchronized><![CDATA[0]]></au_synchronized>
        <au_trackVariables><![CDATA[<?xml version="1.0"?><Variables></Variables>]]></au_trackVariables>
        <au_logRetentionAction><![CDATA[L]]></au_logRetentionAction>
        <au_repositoryAction><![CDATA[L]]></au_repositoryAction>
        <au_flowDescriptor><![CDATA[<?xml version="1.0" encoding="UTF-8"?>
<AdeptiaPE xmlns="jelly:com.werken.blissed.jelly.BlissedTagLibrary" xmlns:version="4.7" xmlns:j="jelly:core" xmlns:abpm="jelly:com.adeptia.indigo.jelly.IndigoTagLibrary" xmlns:pd="jelly:com.adeptia.indigo.pd.ProcessDesignerTagLibrary">
   <process name="mainProcess" start="startState" var="mainProcess">
      <state name="startState">
         <activity>
            <abpm:installGlobalExceptionHandlers/>
         </activity>
      </state>
      <state name="Task_1jlso2z">
         <activity>
            <abpm:activity name="ftp_source_Copy" async="false" id="1210188166759854080" signal="SignalComplete" type="FtpSource">
               <abpm:params>
                  <abpm:param name="restartTriesCount">[ABPM_._ESCAPE_._CDATA_._START]0[ABPM_._ESCAPE_._CDATA_._END]</abpm:param>
                  <abpm:param name="restartWaitTime">[ABPM_._ESCAPE_._CDATA_._START]60[ABPM_._ESCAPE_._CDATA_._END]</abpm:param>
                  <abpm:param name="streamNames">[ABPM_._ESCAPE_._CDATA_._START]default[ABPM_._ESCAPE_._CDATA_._END]</abpm:param>
                  <abpm:param name="targetConnectTimeout">[ABPM_._ESCAPE_._CDATA_._START]300[ABPM_._ESCAPE_._CDATA_._END]</abpm:param>
                  <abpm:param name="eventContextEnabled">[ABPM_._ESCAPE_._CDATA_._START]false[ABPM_._ESCAPE_._CDATA_._END]</abpm:param>
               </abpm:params>
            </abpm:activity>
         </activity>
      </state>
      <state name="Task_0glt11w">
         <activity>
            <abpm:activity name="excel_layout_Copy" async="false" id="" signal="SignalComplete" type="Stream2XmlStreamTransformer">
               <abpm:params>
                  <abpm:param name="restartTriesCount">[ABPM_._ESCAPE_._CDATA_._START]0[ABPM_._ESCAPE_._CDATA_._END]</abpm:param>
                  <abpm:param name="restartWaitTime">[ABPM_._ESCAPE_._CDATA_._START]60[ABPM_._ESCAPE_._CDATA_._END]</abpm:param>
                  <abpm:param name="source">[ABPM_._ESCAPE_._CDATA_._START]ftp_source_Copy[ABPM_._ESCAPE_._CDATA_._END]</abpm:param>
                  <abpm:param name="streamNames">[ABPM_._ESCAPE_._CDATA_._START]default[ABPM_._ESCAPE_._CDATA_._END]</abpm:param>
                  <abpm:param name="targetConnectTimeout">[ABPM_._ESCAPE_._CDATA_._START]300[ABPM_._ESCAPE_._CDATA_._END]</abpm:param>
                  <abpm:param name="characterSetEncoding">[ABPM_._ESCAPE_._CDATA_._START]UTF-8[ABPM_._ESCAPE_._CDATA_._END]</abpm:param>
                  <abpm:param name="transformer">[ABPM_._ESCAPE_._CDATA_._START]Stream2XmlStreamTransformer[ABPM_._ESCAPE_._CDATA_._END]</abpm:param>
                  <abpm:param name="intermediateFormat">[ABPM_._ESCAPE_._CDATA_._START]Native[ABPM_._ESCAPE_._CDATA_._END]</abpm:param>
                  <abpm:param name="fileType">[ABPM_._ESCAPE_._CDATA_._START].xls[ABPM_._ESCAPE_._CDATA_._END]</abpm:param>
                  <abpm:param name="dataAction">[ABPM_._ESCAPE_._CDATA_._START]No Action[ABPM_._ESCAPE_._CDATA_._END]</abpm:param>
                  <abpm:param name="errorRecordHandleType">[ABPM_._ESCAPE_._CDATA_._START]File[ABPM_._ESCAPE_._CDATA_._END]</abpm:param>
                  <abpm:param name="schemaTypedId">[ABPM_._ESCAPE_._CDATA_._START]ExcelSchema:1210188298708463616[ABPM_._ESCAPE_._CDATA_._END]</abpm:param>
               </abpm:params>
            </abpm:activity>
         </activity>
      </state>
      <state name="Task_0awa2b2">
         <activity>
            <abpm:activity name="json_layout_Copy" async="false" id="" signal="SignalComplete" type="XmlStream2StreamTransformer">
               <abpm:params>
                  <abpm:param name="restartTriesCount">[ABPM_._ESCAPE_._CDATA_._START]0[ABPM_._ESCAPE_._CDATA_._END]</abpm:param>
                  <abpm:param name="restartWaitTime">[ABPM_._ESCAPE_._CDATA_._START]60[ABPM_._ESCAPE_._CDATA_._END]</abpm:param>
                  <abpm:param name="streamNames">[ABPM_._ESCAPE_._CDATA_._START]default[ABPM_._ESCAPE_._CDATA_._END]</abpm:param>
                  <abpm:param name="targetConnectTimeout">[ABPM_._ESCAPE_._CDATA_._START]300[ABPM_._ESCAPE_._CDATA_._END]</abpm:param>
                  <abpm:param name="characterSetEncoding">[ABPM_._ESCAPE_._CDATA_._START]UTF-8[ABPM_._ESCAPE_._CDATA_._END]</abpm:param>
                  <abpm:param name="transformer">[ABPM_._ESCAPE_._CDATA_._START]XmlStream2StreamTransformer[ABPM_._ESCAPE_._CDATA_._END]</abpm:param>
                  <abpm:param name="intermediateFormat">[ABPM_._ESCAPE_._CDATA_._START]Native[ABPM_._ESCAPE_._CDATA_._END]</abpm:param>
                  <abpm:param name="dataAction">[ABPM_._ESCAPE_._CDATA_._START]No Action[ABPM_._ESCAPE_._CDATA_._END]</abpm:param>
                  <abpm:param name="errorRecordHandleType">[ABPM_._ESCAPE_._CDATA_._START]File[ABPM_._ESCAPE_._CDATA_._END]</abpm:param>
                  <abpm:param name="schemaTypedId">[ABPM_._ESCAPE_._CDATA_._START]JSONSchema:1210188680385933312[ABPM_._ESCAPE_._CDATA_._END]</abpm:param>
               </abpm:params>
            </abpm:activity>
         </activity>
      </state>
      <state name="Task_1hop8sd">
         <activity>
            <abpm:activity name="ftp_target_Copy" async="false" id="1210188548672204800" signal="SignalComplete" type="FtpTarget">
               <abpm:params>
                  <abpm:param name="restartTriesCount">[ABPM_._ESCAPE_._CDATA_._START]0[ABPM_._ESCAPE_._CDATA_._END]</abpm:param>
                  <abpm:param name="restartWaitTime">[ABPM_._ESCAPE_._CDATA_._START]60[ABPM_._ESCAPE_._CDATA_._END]</abpm:param>
                  <abpm:param name="source">[ABPM_._ESCAPE_._CDATA_._START]json_layout_Copy[ABPM_._ESCAPE_._CDATA_._END]</abpm:param>
                  <abpm:param name="streamNames">[ABPM_._ESCAPE_._CDATA_._START][ABPM_._ESCAPE_._CDATA_._END]</abpm:param>
                  <abpm:param name="targetConnectTimeout">[ABPM_._ESCAPE_._CDATA_._START]300[ABPM_._ESCAPE_._CDATA_._END]</abpm:param>
               </abpm:params>
            </abpm:activity>
         </activity>
      </state>
      <state name="Task_0cf3wcx">
         <activity>
            <abpm:activity name="export_mapping_Copy_Copy" async="false" id="1210190719539097600" signal="SignalComplete" type="DataMapping">
               <abpm:params>
                  <abpm:param name="restartTriesCount">[ABPM_._ESCAPE_._CDATA_._START]0[ABPM_._ESCAPE_._CDATA_._END]</abpm:param>
                  <abpm:param name="restartWaitTime">[ABPM_._ESCAPE_._CDATA_._START]60[ABPM_._ESCAPE_._CDATA_._END]</abpm:param>
                  <abpm:param name="source">[ABPM_._ESCAPE_._CDATA_._START]excel_layout_Copy[ABPM_._ESCAPE_._CDATA_._END]</abpm:param>
                  <abpm:param name="streamNames">[ABPM_._ESCAPE_._CDATA_._START]default[ABPM_._ESCAPE_._CDATA_._END]</abpm:param>
                  <abpm:param name="targetConnectTimeout">[ABPM_._ESCAPE_._CDATA_._START]300[ABPM_._ESCAPE_._CDATA_._END]</abpm:param>
                  <abpm:param name="characterSetEncoding">[ABPM_._ESCAPE_._CDATA_._START]UTF-8[ABPM_._ESCAPE_._CDATA_._END]</abpm:param>
                  <abpm:param name="generateStream">[ABPM_._ESCAPE_._CDATA_._START]true[ABPM_._ESCAPE_._CDATA_._END]</abpm:param>
                  <abpm:param name="Consume Stream">[ABPM_._ESCAPE_._CDATA_._START]true[ABPM_._ESCAPE_._CDATA_._END]</abpm:param>
                  <abpm:param name="errorRecordHandleType">[ABPM_._ESCAPE_._CDATA_._START]File[ABPM_._ESCAPE_._CDATA_._END]</abpm:param>
                  <abpm:param name="transformerType">[ABPM_._ESCAPE_._CDATA_._START]Saxon[ABPM_._ESCAPE_._CDATA_._END]</abpm:param>
               </abpm:params>
            </abpm:activity>
         </activity>
      </state>
      <state name="StartEvent_1">
         <activity>
            <pd:event type="start" subType="none"/>
         </activity>
      </state>
      <transition from="startState" to="StartEvent_1"/>
      <transition from="StartEvent_1" to="Task_1jlso2z"/>
      <transition from="Task_1jlso2z" to="Task_0glt11w"/>
      <transition from="Task_0awa2b2" to="Task_1hop8sd"/>
      <transition from="Task_0glt11w" to="Task_0cf3wcx"/>
      <transition from="Task_0cf3wcx" to="Task_0awa2b2"/>
   </process>
</AdeptiaPE>
]]></au_flowDescriptor>
        <au_realTimeConfiguration><![CDATA[0]]></au_realTimeConfiguration>
        <au_templateName><![CDATA[Process Designer]]></au_templateName>
        <au_projectOwner><![CDATA[Project:11484550701988]]></au_projectOwner>
        <au_webPdXml><![CDATA[<?xml version="1.0" encoding="UTF-8"?>
<bpmn2:definitions xmlns:xsi="http://www.w3.org/2001/XMLSchema-instance" xmlns:bpmn2="http://www.omg.org/spec/BPMN/20100524/MODEL" xmlns:bpmndi="http://www.omg.org/spec/BPMN/20100524/DI" xmlns:dc="http://www.omg.org/spec/DD/20100524/DC" xmlns:di="http://www.omg.org/spec/DD/20100524/DI" xmlns:ap="http://adeptia.com/schema/bpmn/ap" xmlns:bioc="http://bpmn.io/schema/bpmn/biocolor/1.0" id="sample-diagram" targetNamespace="http://bpmn.io/schema/bpmn" xsi:schemaLocation="http://www.omg.org/spec/BPMN/20100524/MODEL BPMN20.xsd">
  <bpmn2:process id="mainProcess" isExecutable="false">
    <bpmn2:extensionElements>
      <ap:properties>
        <ap:property name="version">[ABPM_._ESCAPE_._CDATA_._START]1.0[ABPM_._ESCAPE_._CDATA_._END]</ap:property>
      </ap:properties>
    </bpmn2:extensionElements>
    <bpmn2:startEvent id="StartEvent_1" name="Start Event">
      <bpmn2:outgoing>SequenceFlow_0orugs2</bpmn2:outgoing>
    </bpmn2:startEvent>
    <bpmn2:task id="Task_1jlso2z" name="ftp_source_Copy">
      <bpmn2:extensionElements>
        <ap:node>
          <ap:attribute name="label">[ABPM_._ESCAPE_._CDATA_._START]ftp_source_Copy[ABPM_._ESCAPE_._CDATA_._END]</ap:attribute>
          <ap:attribute name="type">[ABPM_._ESCAPE_._CDATA_._START]FtpSource[ABPM_._ESCAPE_._CDATA_._END]</ap:attribute>
          <ap:attribute name="id">[ABPM_._ESCAPE_._CDATA_._START]1210188166759854080[ABPM_._ESCAPE_._CDATA_._END]</ap:attribute>
          <ap:attribute name="name">[ABPM_._ESCAPE_._CDATA_._START]ftp_source_Copy[ABPM_._ESCAPE_._CDATA_._END]</ap:attribute>
          <ap:attribute name="async">[ABPM_._ESCAPE_._CDATA_._START]false[ABPM_._ESCAPE_._CDATA_._END]</ap:attribute>
          <ap:attribute name="connector">[ABPM_._ESCAPE_._CDATA_._START]false[ABPM_._ESCAPE_._CDATA_._END]</ap:attribute>
          <ap:attribute name="signal">[ABPM_._ESCAPE_._CDATA_._START]SignalComplete[ABPM_._ESCAPE_._CDATA_._END]</ap:attribute>
          <ap:attribute name="comments">[ABPM_._ESCAPE_._CDATA_._START][ABPM_._ESCAPE_._CDATA_._END]</ap:attribute>
          <ap:attribute name="serverEntity">[ABPM_._ESCAPE_._CDATA_._START]false[ABPM_._ESCAPE_._CDATA_._END]</ap:attribute>
          <ap:attribute name="serviceType">[ABPM_._ESCAPE_._CDATA_._START]activity[ABPM_._ESCAPE_._CDATA_._END]</ap:attribute>
          <ap:attribute name="uiType">[ABPM_._ESCAPE_._CDATA_._START]FtpSource[ABPM_._ESCAPE_._CDATA_._END]</ap:attribute>
        </ap:node>
        <ap:streams>
          <ap:stream name="ftp_source_Copy" id="stream_0qddmkt" dataObjectReferenceId="" consumer="Task_0glt11w" error="false" visible="false" source="Task_1jlso2z" />
        </ap:streams>
        <ap:properties>
          <ap:property name="restartTriesCount">[ABPM_._ESCAPE_._CDATA_._START]0[ABPM_._ESCAPE_._CDATA_._END]</ap:property>
          <ap:property name="restartWaitTime">[ABPM_._ESCAPE_._CDATA_._START]60[ABPM_._ESCAPE_._CDATA_._END]</ap:property>
          <ap:property name="source">[ABPM_._ESCAPE_._CDATA_._START][ABPM_._ESCAPE_._CDATA_._END]</ap:property>
          <ap:property name="streamNames">[ABPM_._ESCAPE_._CDATA_._START]ftp_source_Copy[ABPM_._ESCAPE_._CDATA_._END]</ap:property>
          <ap:property name="targetConnectTimeout">[ABPM_._ESCAPE_._CDATA_._START]300[ABPM_._ESCAPE_._CDATA_._END]</ap:property>
          <ap:property name="eventContextEnabled">[ABPM_._ESCAPE_._CDATA_._START]false[ABPM_._ESCAPE_._CDATA_._END]</ap:property>
        </ap:properties>
      </bpmn2:extensionElements>
      <bpmn2:incoming>SequenceFlow_0orugs2</bpmn2:incoming>
      <bpmn2:outgoing>SequenceFlow_1akswk9</bpmn2:outgoing>
    </bpmn2:task>
    <bpmn2:sequenceFlow id="SequenceFlow_0orugs2" sourceRef="StartEvent_1" targetRef="Task_1jlso2z" />
    <bpmn2:task id="Task_0glt11w" name="excel_layout_Copy">
      <bpmn2:extensionElements>
        <ap:streams>
          <ap:stream name="excel_layout_Copy" id="stream_08zsu9u" dataObjectReferenceId="" consumer="Task_0cf3wcx" error="false" visible="false" source="Task_0glt11w" />
        </ap:streams>
        <ap:node>
          <ap:attribute name="label">[ABPM_._ESCAPE_._CDATA_._START]excel_layout_Copy[ABPM_._ESCAPE_._CDATA_._END]</ap:attribute>
          <ap:attribute name="type">[ABPM_._ESCAPE_._CDATA_._START]ExcelSchema[ABPM_._ESCAPE_._CDATA_._END]</ap:attribute>
          <ap:attribute name="id">[ABPM_._ESCAPE_._CDATA_._START]1210188298708463616[ABPM_._ESCAPE_._CDATA_._END]</ap:attribute>
          <ap:attribute name="name">[ABPM_._ESCAPE_._CDATA_._START]excel_layout_Copy[ABPM_._ESCAPE_._CDATA_._END]</ap:attribute>
          <ap:attribute name="async">[ABPM_._ESCAPE_._CDATA_._START]false[ABPM_._ESCAPE_._CDATA_._END]</ap:attribute>
          <ap:attribute name="connector">[ABPM_._ESCAPE_._CDATA_._START]false[ABPM_._ESCAPE_._CDATA_._END]</ap:attribute>
          <ap:attribute name="signal">[ABPM_._ESCAPE_._CDATA_._START]SignalComplete[ABPM_._ESCAPE_._CDATA_._END]</ap:attribute>
          <ap:attribute name="comments">[ABPM_._ESCAPE_._CDATA_._START][ABPM_._ESCAPE_._CDATA_._END]</ap:attribute>
          <ap:attribute name="serverEntity">[ABPM_._ESCAPE_._CDATA_._START]false[ABPM_._ESCAPE_._CDATA_._END]</ap:attribute>
          <ap:attribute name="serviceType">[ABPM_._ESCAPE_._CDATA_._START]activity[ABPM_._ESCAPE_._CDATA_._END]</ap:attribute>
          <ap:attribute name="uiType">[ABPM_._ESCAPE_._CDATA_._START]ExcelSchema[ABPM_._ESCAPE_._CDATA_._END]</ap:attribute>
        </ap:node>
        <ap:properties>
          <ap:property name="restartTriesCount">[ABPM_._ESCAPE_._CDATA_._START]0[ABPM_._ESCAPE_._CDATA_._END]</ap:property>
          <ap:property name="restartWaitTime">[ABPM_._ESCAPE_._CDATA_._START]60[ABPM_._ESCAPE_._CDATA_._END]</ap:property>
          <ap:property name="source">[ABPM_._ESCAPE_._CDATA_._START]ftp_source_Copy[ABPM_._ESCAPE_._CDATA_._END]</ap:property>
          <ap:property name="streamNames">[ABPM_._ESCAPE_._CDATA_._START]excel_layout_Copy[ABPM_._ESCAPE_._CDATA_._END]</ap:property>
          <ap:property name="targetConnectTimeout">[ABPM_._ESCAPE_._CDATA_._START]300[ABPM_._ESCAPE_._CDATA_._END]</ap:property>
          <ap:property name="characterSetEncoding">[ABPM_._ESCAPE_._CDATA_._START]UTF-8[ABPM_._ESCAPE_._CDATA_._END]</ap:property>
          <ap:property name="transformer">[ABPM_._ESCAPE_._CDATA_._START]Stream2XmlStreamTransformer[ABPM_._ESCAPE_._CDATA_._END]</ap:property>
          <ap:property name="intermediateFormat">[ABPM_._ESCAPE_._CDATA_._START]Native[ABPM_._ESCAPE_._CDATA_._END]</ap:property>
          <ap:property name="fileType">[ABPM_._ESCAPE_._CDATA_._START].xls[ABPM_._ESCAPE_._CDATA_._END]</ap:property>
          <ap:property name="dataAction">[ABPM_._ESCAPE_._CDATA_._START]No Action[ABPM_._ESCAPE_._CDATA_._END]</ap:property>
          <ap:property name="errorRecordHandleType">[ABPM_._ESCAPE_._CDATA_._START]File[ABPM_._ESCAPE_._CDATA_._END]</ap:property>
        </ap:properties>
      </bpmn2:extensionElements>
      <bpmn2:incoming>SequenceFlow_1akswk9</bpmn2:incoming>
      <bpmn2:outgoing>SequenceFlow_13e355j</bpmn2:outgoing>
    </bpmn2:task>
    <bpmn2:sequenceFlow id="SequenceFlow_1akswk9" sourceRef="Task_1jlso2z" targetRef="Task_0glt11w" />
    <bpmn2:task id="Task_0awa2b2" name="json_layout_Copy">
      <bpmn2:extensionElements>
        <ap:node>
          <ap:attribute name="label">[ABPM_._ESCAPE_._CDATA_._START]json_layout_Copy[ABPM_._ESCAPE_._CDATA_._END]</ap:attribute>
          <ap:attribute name="type">[ABPM_._ESCAPE_._CDATA_._START]JSONSchema[ABPM_._ESCAPE_._CDATA_._END]</ap:attribute>
          <ap:attribute name="id">[ABPM_._ESCAPE_._CDATA_._START]1210188680385933312[ABPM_._ESCAPE_._CDATA_._END]</ap:attribute>
          <ap:attribute name="name">[ABPM_._ESCAPE_._CDATA_._START]json_layout_Copy[ABPM_._ESCAPE_._CDATA_._END]</ap:attribute>
          <ap:attribute name="async">[ABPM_._ESCAPE_._CDATA_._START]false[ABPM_._ESCAPE_._CDATA_._END]</ap:attribute>
          <ap:attribute name="connector">[ABPM_._ESCAPE_._CDATA_._START]false[ABPM_._ESCAPE_._CDATA_._END]</ap:attribute>
          <ap:attribute name="signal">[ABPM_._ESCAPE_._CDATA_._START]SignalComplete[ABPM_._ESCAPE_._CDATA_._END]</ap:attribute>
          <ap:attribute name="comments">[ABPM_._ESCAPE_._CDATA_._START][ABPM_._ESCAPE_._CDATA_._END]</ap:attribute>
          <ap:attribute name="serverEntity">[ABPM_._ESCAPE_._CDATA_._START]false[ABPM_._ESCAPE_._CDATA_._END]</ap:attribute>
          <ap:attribute name="serviceType">[ABPM_._ESCAPE_._CDATA_._START]activity[ABPM_._ESCAPE_._CDATA_._END]</ap:attribute>
          <ap:attribute name="uiType">[ABPM_._ESCAPE_._CDATA_._START]JSONSchema[ABPM_._ESCAPE_._CDATA_._END]</ap:attribute>
        </ap:node>
        <ap:streams>
          <ap:stream name="json_layout_Copy" id="stream_0iuol3j" dataObjectReferenceId="" consumer="Task_1hop8sd" error="false" visible="false" source="Task_0awa2b2" />
        </ap:streams>
        <ap:properties>
          <ap:property name="restartTriesCount">[ABPM_._ESCAPE_._CDATA_._START]0[ABPM_._ESCAPE_._CDATA_._END]</ap:property>
          <ap:property name="restartWaitTime">[ABPM_._ESCAPE_._CDATA_._START]60[ABPM_._ESCAPE_._CDATA_._END]</ap:property>
          <ap:property name="source">[ABPM_._ESCAPE_._CDATA_._START][ABPM_._ESCAPE_._CDATA_._END]</ap:property>
          <ap:property name="streamNames">[ABPM_._ESCAPE_._CDATA_._START]json_layout_Copy[ABPM_._ESCAPE_._CDATA_._END]</ap:property>
          <ap:property name="targetConnectTimeout">[ABPM_._ESCAPE_._CDATA_._START]300[ABPM_._ESCAPE_._CDATA_._END]</ap:property>
          <ap:property name="characterSetEncoding">[ABPM_._ESCAPE_._CDATA_._START]UTF-8[ABPM_._ESCAPE_._CDATA_._END]</ap:property>
          <ap:property name="transformer">[ABPM_._ESCAPE_._CDATA_._START]XmlStream2StreamTransformer[ABPM_._ESCAPE_._CDATA_._END]</ap:property>
          <ap:property name="intermediateFormat">[ABPM_._ESCAPE_._CDATA_._START]Native[ABPM_._ESCAPE_._CDATA_._END]</ap:property>
          <ap:property name="dataAction">[ABPM_._ESCAPE_._CDATA_._START]No Action[ABPM_._ESCAPE_._CDATA_._END]</ap:property>
          <ap:property name="errorRecordHandleType">[ABPM_._ESCAPE_._CDATA_._START]File[ABPM_._ESCAPE_._CDATA_._END]</ap:property>
        </ap:properties>
      </bpmn2:extensionElements>
      <bpmn2:incoming>SequenceFlow_0ckmfik</bpmn2:incoming>
      <bpmn2:outgoing>SequenceFlow_1sjgpp5</bpmn2:outgoing>
    </bpmn2:task>
    <bpmn2:task id="Task_1hop8sd" name="ftp_target_Copy">
      <bpmn2:extensionElements>
        <ap:node>
          <ap:attribute name="label">[ABPM_._ESCAPE_._CDATA_._START]ftp_target_Copy[ABPM_._ESCAPE_._CDATA_._END]</ap:attribute>
          <ap:attribute name="type">[ABPM_._ESCAPE_._CDATA_._START]FtpTarget[ABPM_._ESCAPE_._CDATA_._END]</ap:attribute>
          <ap:attribute name="id">[ABPM_._ESCAPE_._CDATA_._START]1210188548672204800[ABPM_._ESCAPE_._CDATA_._END]</ap:attribute>
          <ap:attribute name="name">[ABPM_._ESCAPE_._CDATA_._START]ftp_target_Copy[ABPM_._ESCAPE_._CDATA_._END]</ap:attribute>
          <ap:attribute name="async">[ABPM_._ESCAPE_._CDATA_._START]false[ABPM_._ESCAPE_._CDATA_._END]</ap:attribute>
          <ap:attribute name="connector">[ABPM_._ESCAPE_._CDATA_._START]false[ABPM_._ESCAPE_._CDATA_._END]</ap:attribute>
          <ap:attribute name="signal">[ABPM_._ESCAPE_._CDATA_._START]SignalComplete[ABPM_._ESCAPE_._CDATA_._END]</ap:attribute>
          <ap:attribute name="comments">[ABPM_._ESCAPE_._CDATA_._START][ABPM_._ESCAPE_._CDATA_._END]</ap:attribute>
          <ap:attribute name="serverEntity">[ABPM_._ESCAPE_._CDATA_._START]false[ABPM_._ESCAPE_._CDATA_._END]</ap:attribute>
          <ap:attribute name="serviceType">[ABPM_._ESCAPE_._CDATA_._START]activity[ABPM_._ESCAPE_._CDATA_._END]</ap:attribute>
          <ap:attribute name="uiType">[ABPM_._ESCAPE_._CDATA_._START]FtpTarget[ABPM_._ESCAPE_._CDATA_._END]</ap:attribute>
        </ap:node>
        <ap:properties>
          <ap:property name="restartTriesCount">[ABPM_._ESCAPE_._CDATA_._START]0[ABPM_._ESCAPE_._CDATA_._END]</ap:property>
          <ap:property name="restartWaitTime">[ABPM_._ESCAPE_._CDATA_._START]60[ABPM_._ESCAPE_._CDATA_._END]</ap:property>
          <ap:property name="source">[ABPM_._ESCAPE_._CDATA_._START]json_layout_Copy[ABPM_._ESCAPE_._CDATA_._END]</ap:property>
          <ap:property name="streamNames">[ABPM_._ESCAPE_._CDATA_._START][ABPM_._ESCAPE_._CDATA_._END]</ap:property>
          <ap:property name="targetConnectTimeout">[ABPM_._ESCAPE_._CDATA_._START]300[ABPM_._ESCAPE_._CDATA_._END]</ap:property>
        </ap:properties>
      </bpmn2:extensionElements>
      <bpmn2:incoming>SequenceFlow_1sjgpp5</bpmn2:incoming>
    </bpmn2:task>
    <bpmn2:sequenceFlow id="SequenceFlow_1sjgpp5" sourceRef="Task_0awa2b2" targetRef="Task_1hop8sd" />
    <bpmn2:task id="Task_0cf3wcx" name="export_mapping_Copy_Copy">
      <bpmn2:extensionElements>
        <ap:node>
          <ap:attribute name="label">[ABPM_._ESCAPE_._CDATA_._START]export_mapping_Copy_Copy[ABPM_._ESCAPE_._CDATA_._END]</ap:attribute>
          <ap:attribute name="type">[ABPM_._ESCAPE_._CDATA_._START]DataMapping[ABPM_._ESCAPE_._CDATA_._END]</ap:attribute>
          <ap:attribute name="id">[ABPM_._ESCAPE_._CDATA_._START]1210190719539097600[ABPM_._ESCAPE_._CDATA_._END]</ap:attribute>
          <ap:attribute name="name">[ABPM_._ESCAPE_._CDATA_._START]export_mapping_Copy_Copy[ABPM_._ESCAPE_._CDATA_._END]</ap:attribute>
          <ap:attribute name="async">[ABPM_._ESCAPE_._CDATA_._START]false[ABPM_._ESCAPE_._CDATA_._END]</ap:attribute>
          <ap:attribute name="connector">[ABPM_._ESCAPE_._CDATA_._START]false[ABPM_._ESCAPE_._CDATA_._END]</ap:attribute>
          <ap:attribute name="signal">[ABPM_._ESCAPE_._CDATA_._START]SignalComplete[ABPM_._ESCAPE_._CDATA_._END]</ap:attribute>
          <ap:attribute name="comments">[ABPM_._ESCAPE_._CDATA_._START][ABPM_._ESCAPE_._CDATA_._END]</ap:attribute>
          <ap:attribute name="serverEntity">[ABPM_._ESCAPE_._CDATA_._START]false[ABPM_._ESCAPE_._CDATA_._END]</ap:attribute>
          <ap:attribute name="serviceType">[ABPM_._ESCAPE_._CDATA_._START]activity[ABPM_._ESCAPE_._CDATA_._END]</ap:attribute>
          <ap:attribute name="uiType">[ABPM_._ESCAPE_._CDATA_._START]DataMapping[ABPM_._ESCAPE_._CDATA_._END]</ap:attribute>
        </ap:node>
        <ap:properties>
          <ap:property name="restartTriesCount">[ABPM_._ESCAPE_._CDATA_._START]0[ABPM_._ESCAPE_._CDATA_._END]</ap:property>
          <ap:property name="restartWaitTime">[ABPM_._ESCAPE_._CDATA_._START]60[ABPM_._ESCAPE_._CDATA_._END]</ap:property>
          <ap:property name="source">[ABPM_._ESCAPE_._CDATA_._START]excel_layout_Copy[ABPM_._ESCAPE_._CDATA_._END]</ap:property>
          <ap:property name="streamNames">[ABPM_._ESCAPE_._CDATA_._START]export_mapping_Copy_Copy[ABPM_._ESCAPE_._CDATA_._END]</ap:property>
          <ap:property name="targetConnectTimeout">[ABPM_._ESCAPE_._CDATA_._START]300[ABPM_._ESCAPE_._CDATA_._END]</ap:property>
          <ap:property name="characterSetEncoding">[ABPM_._ESCAPE_._CDATA_._START]UTF-8[ABPM_._ESCAPE_._CDATA_._END]</ap:property>
          <ap:property name="generateStream">[ABPM_._ESCAPE_._CDATA_._START]true[ABPM_._ESCAPE_._CDATA_._END]</ap:property>
          <ap:property name="consumeStream">[ABPM_._ESCAPE_._CDATA_._START]true[ABPM_._ESCAPE_._CDATA_._END]</ap:property>
          <ap:property name="errorRecordHandleType">[ABPM_._ESCAPE_._CDATA_._START]File[ABPM_._ESCAPE_._CDATA_._END]</ap:property>
          <ap:property name="transformerType">[ABPM_._ESCAPE_._CDATA_._START]Saxon[ABPM_._ESCAPE_._CDATA_._END]</ap:property>
        </ap:properties>
      </bpmn2:extensionElements>
      <bpmn2:incoming>SequenceFlow_13e355j</bpmn2:incoming>
      <bpmn2:outgoing>SequenceFlow_0ckmfik</bpmn2:outgoing>
    </bpmn2:task>
    <bpmn2:sequenceFlow id="SequenceFlow_13e355j" sourceRef="Task_0glt11w" targetRef="Task_0cf3wcx" />
    <bpmn2:sequenceFlow id="SequenceFlow_0ckmfik" sourceRef="Task_0cf3wcx" targetRef="Task_0awa2b2" />
  </bpmn2:process>
  <bpmndi:BPMNDiagram id="BPMNDiagram_1">
    <bpmndi:BPMNPlane id="BPMNPlane_1" bpmnElement="mainProcess">
      <bpmndi:BPMNShape id="_BPMNShape_StartEvent_2" bpmnElement="StartEvent_1" bioc:stroke="#808080">
        <dc:Bounds x="100" y="200" width="36" height="36" />
      </bpmndi:BPMNShape>
      <bpmndi:BPMNShape id="Task_1jlso2z_di" bpmnElement="Task_1jlso2z" bioc:stroke="#808080" bioc:fill="url(#task_color)">
        <dc:Bounds x="186" y="188" width="130" height="60" />
      </bpmndi:BPMNShape>
      <bpmndi:BPMNEdge id="SequenceFlow_0orugs2_di" bpmnElement="SequenceFlow_0orugs2" bioc:stroke="#808080">
        <di:waypoint x="136" y="218" />
        <di:waypoint x="186" y="218" />
        <bpmndi:BPMNLabel>
          <dc:Bounds x="161" y="197" width="0" height="12" />
        </bpmndi:BPMNLabel>
      </bpmndi:BPMNEdge>
      <bpmndi:BPMNShape id="Task_0glt11w_di" bpmnElement="Task_0glt11w" bioc:stroke="#808080" bioc:fill="url(#task_color)">
        <dc:Bounds x="366" y="188" width="130" height="60" />
      </bpmndi:BPMNShape>
      <bpmndi:BPMNEdge id="SequenceFlow_1akswk9_di" bpmnElement="SequenceFlow_1akswk9" bioc:stroke="#808080">
        <di:waypoint x="316" y="218" />
        <di:waypoint x="366" y="218" />
        <bpmndi:BPMNLabel>
          <dc:Bounds x="341" y="197" width="0" height="12" />
        </bpmndi:BPMNLabel>
      </bpmndi:BPMNEdge>
      <bpmndi:BPMNShape id="Task_0awa2b2_di" bpmnElement="Task_0awa2b2" bioc:stroke="#808080" bioc:fill="url(#task_color)">
        <dc:Bounds x="726" y="188" width="130" height="60" />
      </bpmndi:BPMNShape>
      <bpmndi:BPMNShape id="Task_1hop8sd_di" bpmnElement="Task_1hop8sd" bioc:stroke="#808080" bioc:fill="url(#task_color)">
        <dc:Bounds x="906" y="188" width="130" height="60" />
      </bpmndi:BPMNShape>
      <bpmndi:BPMNEdge id="SequenceFlow_1sjgpp5_di" bpmnElement="SequenceFlow_1sjgpp5" bioc:stroke="#808080">
        <di:waypoint x="856" y="218" />
        <di:waypoint x="906" y="218" />
        <bpmndi:BPMNLabel>
          <dc:Bounds x="881" y="197" width="0" height="12" />
        </bpmndi:BPMNLabel>
      </bpmndi:BPMNEdge>
      <bpmndi:BPMNShape id="Task_0cf3wcx_di" bpmnElement="Task_0cf3wcx" bioc:stroke="#808080" bioc:fill="url(#task_color)">
        <dc:Bounds x="546" y="188" width="130" height="60" />
      </bpmndi:BPMNShape>
      <bpmndi:BPMNEdge id="SequenceFlow_13e355j_di" bpmnElement="SequenceFlow_13e355j" bioc:stroke="#808080">
        <di:waypoint x="496" y="218" />
        <di:waypoint x="546" y="218" />
        <bpmndi:BPMNLabel>
          <dc:Bounds x="521" y="197" width="0" height="12" />
        </bpmndi:BPMNLabel>
      </bpmndi:BPMNEdge>
      <bpmndi:BPMNEdge id="SequenceFlow_0ckmfik_di" bpmnElement="SequenceFlow_0ckmfik" bioc:stroke="#808080">
        <di:waypoint x="676" y="218" />
        <di:waypoint x="726" y="218" />
        <bpmndi:BPMNLabel>
          <dc:Bounds x="701" y="197" width="0" height="12" />
        </bpmndi:BPMNLabel>
      </bpmndi:BPMNEdge>
    </bpmndi:BPMNPlane>
  </bpmndi:BPMNDiagram>
</bpmn2:definitions>
]]></au_webPdXml>
    </AU_TRANSACTION>
    <columnInfo dbtype="4">
        <column name="au_id" type="12"/>
        <column name="au_version" type="12"/>
        <column name="au_previousVersion" type="12"/>
        <column name="au_activeVersion" type="3"/>
        <column name="au_entityName" type="12"/>
        <column name="au_userOwner" type="12"/>
        <column name="au_groupOwner" type="12"/>
        <column name="au_permissionMask" type="12"/>
        <column name="au_description" type="12"/>
        <column name="au_comments" type="12"/>
        <column name="au_modifiedBy" type="12"/>
        <column name="au_creationDate" type="93"/>
        <column name="au_modifiedDate" type="93"/>
        <column name="au_revision" type="12"/>
        <column name="au_synchronized" type="3"/>
        <column name="au_projectOwner" type="12"/>
        <column name="au_flowDescriptor" type="-1"/>
        <column name="au_activeFlag" type="3"/>
        <column name="au_templateName" type="12"/>
        <column name="au_advanced" type="3"/>
        <column name="au_loggingLevel" type="12"/>
        <column name="au_priority" type="12"/>
        <column name="au_repositoryAction" type="12"/>
        <column name="au_logRetentionAction" type="12"/>
        <column name="au_childFlows" type="-1"/>
        <column name="au_trackVariables" type="-1"/>
        <column name="au_retainVarXml" type="3"/>
        <column name="au_recoverable" type="3"/>
        <column name="au_realTimeConfiguration" type="3"/>
        <column name="au_webPdXml" type="-1"/>
        <column name="au_OldFlowDescriptor" type="-1"/>
        <column name="au_dataEncryptionAtRest" type="12"/>
        <column name="au_connectDashboardLogging" type="3"/>
    </columnInfo>
</data>
