<?xml version="1.0" encoding="UTF-8"?>
<data>
    <AU_USERS>
        <au_city><![CDATA[null]]></au_city>
        <au_userOwner><![CDATA[IndigoUser:127000000001107055536473900001]]></au_userOwner>
        <au_privateKeyPassword><![CDATA[null]]></au_privateKeyPassword>
        <au_userPermission><![CDATA[7]]></au_userPermission>
        <au_phone><![CDATA[null]]></au_phone>
        <au_primaryGroup><![CDATA[IndigoGroup:192168001075148181566048300002]]></au_primaryGroup>
        <au_fax><![CDATA[null]]></au_fax>
        <au_firstName><![CDATA[Nayan]]></au_firstName>
        <AU_LASTMESSAGEVIEWED><![CDATA[null]]></AU_LASTMESSAGEVIEWED>
        <PARTNER_OWNER><![CDATA[1]]></PARTNER_OWNER>
        <AU_USERPREFRENCES><![CDATA[null]]></AU_USERPREFRENCES>
        <au_calendar><![CDATA[null]]></au_calendar>
        <au_permissionMask><![CDATA[777]]></au_permissionMask>
        <au_modifiedBy><![CDATA[IndigoUser:1210123820122451968]]></au_modifiedBy>
        <au_lastLogin><![CDATA[1708693746239]]></au_lastLogin>
        <LOCKED_TIME><![CDATA[null]]></LOCKED_TIME>
        <au_previousVersion><![CDATA[null]]></au_previousVersion>
        <au_sendEmail><![CDATA[0]]></au_sendEmail>
        <au_lastPasswordChanged><![CDATA[null]]></au_lastPasswordChanged>
        <au_projectOwner><![CDATA[Project:11484550701988]]></au_projectOwner>
        <au_orgName><![CDATA[null]]></au_orgName>
        <au_description><![CDATA[nayan.tripathi@adeptia.com]]></au_description>
        <au_activateFlag><![CDATA[Activated]]></au_activateFlag>
        <au_id><![CDATA[1210123820122451968]]></au_id>
        <au_modifiedDate><![CDATA[2024-02-22T07:20:02]]></au_modifiedDate>
        <au_viewLevel><![CDATA[null]]></au_viewLevel>
        <au_certificateStatus><![CDATA[false]]></au_certificateStatus>
        <au_lastName><![CDATA[Tripathi]]></au_lastName>
        <au_zip><![CDATA[null]]></au_zip>
        <au_groupOwner><![CDATA[IndigoGroup:192168001075148181566048300002]]></au_groupOwner>
        <au_email><![CDATA[nayan.tripathi@adeptia.com]]></au_email>
        <au_synchronized><![CDATA[0]]></au_synchronized>
        <AU_UNIQUEIDENTIFIER><![CDATA[null]]></AU_UNIQUEIDENTIFIER>
        <au_revision><![CDATA[null]]></au_revision>
        <au_version><![CDATA[1]]></au_version>
        <au_password><![CDATA[HwP9Yw2b3teYhc5djzLEJQ==]]></au_password>
        <au_webDavFolder><![CDATA[null]]></au_webDavFolder>
        <au_comment><![CDATA[null]]></au_comment>
        <au_state><![CDATA[null]]></au_state>
        <au_title><![CDATA[null]]></au_title>
        <au_manager><![CDATA[null]]></au_manager>
        <au_address1><![CDATA[null]]></au_address1>
        <au_entityName><![CDATA[nayan]]></au_entityName>
        <au_colleague><![CDATA[null]]></au_colleague>
        <AU_READ_ONLY_ACCESS><![CDATA[null]]></AU_READ_ONLY_ACCESS>
        <au_orgUrl><![CDATA[null]]></au_orgUrl>
        <au_creationDate><![CDATA[2024-02-22T07:20:02]]></au_creationDate>
        <au_address2><![CDATA[null]]></au_address2>
        <AU_IMAGEIDENTIFIER><![CDATA[null]]></AU_IMAGEIDENTIFIER>
        <au_country><![CDATA[null]]></au_country>
        <au_activeVersion><![CDATA[1]]></au_activeVersion>
        <au_comments><![CDATA[null]]></au_comments>
        <au_mobile><![CDATA[null]]></au_mobile>
        <au_keystorePassword><![CDATA[null]]></au_keystorePassword>
        <au_userType><![CDATA[groupadmin]]></au_userType>
    </AU_USERS>
    <columnInfo dbtype="4">
        <column name="au_id" type="12"/>
        <column name="au_version" type="12"/>
        <column name="au_previousVersion" type="12"/>
        <column name="au_activeVersion" type="3"/>
        <column name="au_entityName" type="12"/>
        <column name="au_userOwner" type="12"/>
        <column name="au_groupOwner" type="12"/>
        <column name="au_permissionMask" type="12"/>
        <column name="au_description" type="12"/>
        <column name="au_comments" type="12"/>
        <column name="au_modifiedBy" type="12"/>
        <column name="au_creationDate" type="93"/>
        <column name="au_modifiedDate" type="93"/>
        <column name="au_revision" type="12"/>
        <column name="au_synchronized" type="3"/>
        <column name="au_projectOwner" type="12"/>
        <column name="au_userType" type="12"/>
        <column name="au_primaryGroup" type="12"/>
        <column name="au_firstName" type="12"/>
        <column name="au_lastName" type="12"/>
        <column name="au_title" type="12"/>
        <column name="au_comment" type="12"/>
        <column name="au_orgName" type="12"/>
        <column name="au_address1" type="12"/>
        <column name="au_address2" type="12"/>
        <column name="au_city" type="12"/>
        <column name="au_state" type="12"/>
        <column name="au_country" type="12"/>
        <column name="au_orgUrl" type="12"/>
        <column name="au_email" type="12"/>
        <column name="au_mobile" type="12"/>
        <column name="au_phone" type="12"/>
        <column name="au_fax" type="12"/>
        <column name="au_password" type="12"/>
        <column name="au_zip" type="12"/>
        <column name="au_userPermission" type="12"/>
        <column name="au_activateFlag" type="12"/>
        <column name="au_keystorePassword" type="12"/>
        <column name="au_privateKeyPassword" type="12"/>
        <column name="au_certificateStatus" type="12"/>
        <column name="au_colleague" type="12"/>
        <column name="au_manager" type="12"/>
        <column name="au_calendar" type="12"/>
        <column name="au_viewLevel" type="12"/>
        <column name="au_lastPasswordChanged" type="93"/>
        <column name="au_webDavFolder" type="12"/>
        <column name="au_lastLogin" type="12"/>
        <column name="au_sendEmail" type="3"/>
        <column name="AU_UNIQUEIDENTIFIER" type="12"/>
        <column name="AU_IMAGEIDENTIFIER" type="4"/>
        <column name="AU_LASTMESSAGEVIEWED" type="93"/>
        <column name="LOCKED_TIME" type="93"/>
        <column name="AU_USERPREFRENCES" type="-5"/>
        <column name="PARTNER_OWNER" type="-5"/>
        <column name="AU_READ_ONLY_ACCESS" type="3"/>
    </columnInfo>
    <AU_USERS>
        <au_previousVersion><![CDATA[]]></au_previousVersion>
        <au_synchronized><![CDATA[0]]></au_synchronized>
        <au_orgUrl><![CDATA[http://www.adeptia.com]]></au_orgUrl>
        <au_userOwner><![CDATA[IndigoUser:127000000001107055536473900001]]></au_userOwner>
        <au_activeVersion><![CDATA[1]]></au_activeVersion>
        <au_zip><![CDATA[60610]]></au_zip>
        <au_creationDate><![CDATA[2024-02-21T09:59:12]]></au_creationDate>
        <au_comment><![CDATA[]]></au_comment>
        <au_password><![CDATA[FTAi2rgMkUynuvpqpy5EqQ==]]></au_password>
        <AU_UNIQUEIDENTIFIER><![CDATA[]]></AU_UNIQUEIDENTIFIER>
        <au_revision><![CDATA[null]]></au_revision>
        <au_state><![CDATA[IL]]></au_state>
        <AU_USERPREFRENCES><![CDATA[null]]></AU_USERPREFRENCES>
        <au_colleague><![CDATA[]]></au_colleague>
        <AU_IMAGEIDENTIFIER><![CDATA[null]]></AU_IMAGEIDENTIFIER>
        <au_userPermission><![CDATA[7]]></au_userPermission>
        <au_userType><![CDATA[sysadmin]]></au_userType>
        <au_firstName><![CDATA[Admin]]></au_firstName>
        <au_orgName><![CDATA[Adeptia Inc]]></au_orgName>
        <PARTNER_OWNER><![CDATA[1]]></PARTNER_OWNER>
        <au_fax><![CDATA[301-000-000]]></au_fax>
        <au_viewLevel><![CDATA[]]></au_viewLevel>
        <au_certificateStatus><![CDATA[false]]></au_certificateStatus>
        <au_primaryGroup><![CDATA[IndigoGroup:127000000001107055548721600002]]></au_primaryGroup>
        <au_description><![CDATA[Default Administrator]]></au_description>
        <au_version><![CDATA[1]]></au_version>
        <au_projectOwner><![CDATA[Default]]></au_projectOwner>
        <au_permissionMask><![CDATA[711]]></au_permissionMask>
        <au_city><![CDATA[Chicago]]></au_city>
        <au_activateFlag><![CDATA[Activated]]></au_activateFlag>
        <au_address2><![CDATA[NA]]></au_address2>
        <AU_LASTMESSAGEVIEWED><![CDATA[null]]></AU_LASTMESSAGEVIEWED>
        <au_modifiedBy><![CDATA[IndigoUser:127000000001107055536473900001]]></au_modifiedBy>
        <au_modifiedDate><![CDATA[2024-02-21T09:59:12]]></au_modifiedDate>
        <au_address1><![CDATA[233 East Wacker Dr]]></au_address1>
        <au_entityName><![CDATA[admin]]></au_entityName>
        <au_lastName><![CDATA[User]]></au_lastName>
        <au_country><![CDATA[US]]></au_country>
        <au_phone><![CDATA[301-000-000]]></au_phone>
        <au_email><![CDATA[user@domain.com]]></au_email>
        <au_groupOwner><![CDATA[IndigoGroup:127000000001107055548721600002]]></au_groupOwner>
        <LOCKED_TIME><![CDATA[null]]></LOCKED_TIME>
        <au_keystorePassword><![CDATA[]]></au_keystorePassword>
        <AU_READ_ONLY_ACCESS><![CDATA[0]]></AU_READ_ONLY_ACCESS>
        <au_privateKeyPassword><![CDATA[]]></au_privateKeyPassword>
        <au_sendEmail><![CDATA[0]]></au_sendEmail>
        <au_webDavFolder><![CDATA[WebDavFolder:192168001207112972325504600001]]></au_webDavFolder>
        <au_lastPasswordChanged><![CDATA[2024-02-21T09:59:12]]></au_lastPasswordChanged>
        <au_mobile><![CDATA[301-000-000]]></au_mobile>
        <au_manager><![CDATA[]]></au_manager>
        <au_id><![CDATA[127000000001107055536473900001]]></au_id>
        <au_lastLogin><![CDATA[1708673860838]]></au_lastLogin>
        <au_title><![CDATA[IT Manager]]></au_title>
        <au_calendar><![CDATA[]]></au_calendar>
        <au_comments><![CDATA[]]></au_comments>
    </AU_USERS>
</data>
