<?xml version="1.0" encoding="UTF-8"?>
<data>
    <AU_EXCELSCHEMA>
        <au_version><![CDATA[1]]></au_version>
        <au_processAllSheets><![CDATA[0]]></au_processAllSheets>
        <au_modifiedDate><![CDATA[2024-02-22T11:46:34]]></au_modifiedDate>
        <au_password><![CDATA[]]></au_password>
        <au_synchronized><![CDATA[0]]></au_synchronized>
        <au_previousVersion><![CDATA[]]></au_previousVersion>
        <au_filterBlankRow><![CDATA[0]]></au_filterBlankRow>
        <au_entityName><![CDATA[excel_layout_Copy]]></au_entityName>
        <au_groupOwner><![CDATA[IndigoGroup:192168001075148181566048300002]]></au_groupOwner>
        <au_permissionMask><![CDATA[770]]></au_permissionMask>
        <au_xsd><![CDATA[<?xml version="1.0" encoding="UTF-8"?>
<!-- W3C Schema generated by Adeptia Editor  -->
<xs:schema xmlns:xs="http://www.w3.org/2001/XMLSchema">
	<xs:element name="Root">
		<xs:annotation>
			<xs:appinfo>
				<XSDVersion>1</XSDVersion>
				<Sheets>ZGF0YQ==</Sheets>
				<allowDiscontinousOrder>false</allowDiscontinousOrder>			
				<allowIgnoreCase>false</allowIgnoreCase>			
				<allowLessFields>false</allowLessFields>			
				<restrictMoreFields>false</restrictMoreFields>			
				<headersValidation>false</headersValidation>			
				<removeInvalidChar>false</removeInvalidChar>			
				<manipulated>false</manipulated>			
				<enclosedChar></enclosedChar>			
				<advanceExcel>false</advanceExcel>			
				<mergeKey></mergeKey>			
				<isEncodedSheetName>true</isEncodedSheetName>			
				<processAllSheets>false</processAllSheets>			
				<mergeCriteria></mergeCriteria>			
				<processErrorValues>false</processErrorValues>			
				<formatCellFormulaValue>true</formatCellFormulaValue>			
			<sheetXml><SheetElements><sheet name="ZGF0YQ==" row="1" col="A"><column><Name>first_name</Name><OriginalName>[ABPM_._ESCAPE_._CDATA_._START]first_name[ABPM_._ESCAPE_._CDATA_._END]</OriginalName><DataType>string</DataType><DateFormat> </DateFormat><TimeFormat></TimeFormat><DataFormat>PlainText</DataFormat></column><column><Name>last_name</Name><OriginalName>[ABPM_._ESCAPE_._CDATA_._START]last_name[ABPM_._ESCAPE_._CDATA_._END]</OriginalName><DataType>string</DataType><DateFormat> </DateFormat><TimeFormat></TimeFormat><DataFormat>PlainText</DataFormat></column><column><Name>email</Name><OriginalName>[ABPM_._ESCAPE_._CDATA_._START]email[ABPM_._ESCAPE_._CDATA_._END]</OriginalName><DataType>string</DataType><DateFormat> </DateFormat><TimeFormat></TimeFormat><DataFormat>PlainText</DataFormat></column></sheet></SheetElements></sheetXml>			
</xs:appinfo>
		</xs:annotation>
		<xs:complexType>
			<xs:sequence>
				<xs:element name="Record" minOccurs="1" maxOccurs="unbounded">
<xs:complexType><xs:sequence>
<xs:element name="first_name" minOccurs="0" maxOccurs="1" type="xs:string">
<xs:annotation><xs:appinfo><format>AAAAAAA</format> <parent> </parent>
						<dataMode>plainText</dataMode><originalName>[ABPM_._ESCAPE_._CDATA_._START]first_name[ABPM_._ESCAPE_._CDATA_._END]</originalName></xs:appinfo></xs:annotation></xs:element>
<xs:element name="last_name" minOccurs="0" maxOccurs="1" type="xs:string">
<xs:annotation><xs:appinfo><format>AAAAAAA</format> <parent> </parent>
						<dataMode>plainText</dataMode><originalName>[ABPM_._ESCAPE_._CDATA_._START]last_name[ABPM_._ESCAPE_._CDATA_._END]</originalName></xs:appinfo></xs:annotation></xs:element>
<xs:element name="email" minOccurs="0" maxOccurs="1" type="xs:string">
<xs:annotation><xs:appinfo><format>AAAAAAA</format> <parent> </parent>
						<dataMode>plainText</dataMode><originalName>[ABPM_._ESCAPE_._CDATA_._START]email[ABPM_._ESCAPE_._CDATA_._END]</originalName></xs:appinfo></xs:annotation></xs:element>

</xs:sequence>
<xs:attribute name="recordNumber" type="xs:string" use="required"/>
</xs:complexType></xs:element>
			</xs:sequence>
		</xs:complexType>
	</xs:element>
</xs:schema>]]></au_xsd>
        <au_userOwner><![CDATA[IndigoUser:1210123820122451968]]></au_userOwner>
        <au_enableStreaming><![CDATA[0]]></au_enableStreaming>
        <au_advancedExcel><![CDATA[0]]></au_advancedExcel>
        <au_passwordProtected><![CDATA[0]]></au_passwordProtected>
        <au_encodingUsed><![CDATA[UTF-8]]></au_encodingUsed>
        <au_advancedSchema><![CDATA[0]]></au_advancedSchema>
        <au_headerPresent><![CDATA[1]]></au_headerPresent>
        <au_projectOwner><![CDATA[Project:11484550701988]]></au_projectOwner>
        <au_advanceXsd><![CDATA[<?xml version="1.0" encoding="ISO-8859-1"?>
<xs:schema xmlns:xs="http://www.w3.org/2001/XMLSchema">
<xs:complexType name="parentType"><xs:sequence>
<xs:element name="first_name" minOccurs="0" maxOccurs="1" type="xs:string">
<xs:annotation><xs:appinfo><format>AAAAAAA</format> <parent> </parent>
						<dataMode>plainText</dataMode><originalName>[ABPM_._ESCAPE_._CDATA_._START]first_name[ABPM_._ESCAPE_._CDATA_._END]</originalName></xs:appinfo></xs:annotation></xs:element>
<xs:element name="last_name" minOccurs="0" maxOccurs="1" type="xs:string">
<xs:annotation><xs:appinfo><format>AAAAAAA</format> <parent> </parent>
						<dataMode>plainText</dataMode><originalName>[ABPM_._ESCAPE_._CDATA_._START]last_name[ABPM_._ESCAPE_._CDATA_._END]</originalName></xs:appinfo></xs:annotation></xs:element>
<xs:element name="email" minOccurs="0" maxOccurs="1" type="xs:string">
<xs:annotation><xs:appinfo><format>AAAAAAA</format> <parent> </parent>
						<dataMode>plainText</dataMode><originalName>[ABPM_._ESCAPE_._CDATA_._START]email[ABPM_._ESCAPE_._CDATA_._END]</originalName></xs:appinfo></xs:annotation></xs:element>


<xs:element name="DependentRecords" type="recordType"/></xs:sequence>
<xs:attribute name="recordNumber" type="xs:string" use="required"/>
</xs:complexType>
<xs:complexType name="recordType">
<xs:sequence>
<xs:element name="first_name" minOccurs="0" maxOccurs="1" type="xs:string">
<xs:annotation><xs:appinfo><format>AAAAAAA</format> <parent> </parent>
						<dataMode>plainText</dataMode><originalName>[ABPM_._ESCAPE_._CDATA_._START]first_name[ABPM_._ESCAPE_._CDATA_._END]</originalName></xs:appinfo></xs:annotation></xs:element>
<xs:element name="last_name" minOccurs="0" maxOccurs="1" type="xs:string">
<xs:annotation><xs:appinfo><format>AAAAAAA</format> <parent> </parent>
						<dataMode>plainText</dataMode><originalName>[ABPM_._ESCAPE_._CDATA_._START]last_name[ABPM_._ESCAPE_._CDATA_._END]</originalName></xs:appinfo></xs:annotation></xs:element>
<xs:element name="email" minOccurs="0" maxOccurs="1" type="xs:string">
<xs:annotation><xs:appinfo><format>AAAAAAA</format> <parent> </parent>
						<dataMode>plainText</dataMode><originalName>[ABPM_._ESCAPE_._CDATA_._START]email[ABPM_._ESCAPE_._CDATA_._END]</originalName></xs:appinfo></xs:annotation></xs:element>

</xs:sequence><xs:attribute name="recordNumber" type="xs:string" use="required"/></xs:complexType>
<xs:element name="HierarchicalRoot"><xs:complexType><xs:sequence><xs:element name="ParentRecords" type="parentType"/></xs:sequence></xs:complexType></xs:element>
<xs:element name="Root"><xs:complexType><xs:sequence><xs:element name="Record" type="recordType"/></xs:sequence></xs:complexType></xs:element>
</xs:schema>]]></au_advanceXsd>
        <au_description><![CDATA[excel layout]]></au_description>
        <AU_REUSABLE><![CDATA[1]]></AU_REUSABLE>
        <au_unstructuredDataType><![CDATA[null]]></au_unstructuredDataType>
        <xsdFilePath><![CDATA[]]></xsdFilePath>
        <au_modifiedBy><![CDATA[IndigoUser:1210123820122451968]]></au_modifiedBy>
        <au_json><![CDATA[null]]></au_json>
        <au_startColumnNumber><![CDATA[1]]></au_startColumnNumber>
        <au_id><![CDATA[1210188298708463616]]></au_id>
        <au_activeVersion><![CDATA[1]]></au_activeVersion>
        <au_startRowNumber><![CDATA[1]]></au_startRowNumber>
        <au_encryptSecretKey><![CDATA[]]></au_encryptSecretKey>
        <au_comments><![CDATA[null]]></au_comments>
        <au_creationDate><![CDATA[2024-02-22T11:36:15]]></au_creationDate>
        <au_decryptSecretKey><![CDATA[]]></au_decryptSecretKey>
        <au_revision><![CDATA[null]]></au_revision>
    </AU_EXCELSCHEMA>
    <columnInfo dbtype="4">
        <column name="au_id" type="12"/>
        <column name="au_version" type="12"/>
        <column name="au_previousVersion" type="12"/>
        <column name="au_activeVersion" type="3"/>
        <column name="au_entityName" type="12"/>
        <column name="au_userOwner" type="12"/>
        <column name="au_groupOwner" type="12"/>
        <column name="au_permissionMask" type="12"/>
        <column name="au_description" type="12"/>
        <column name="au_comments" type="12"/>
        <column name="au_modifiedBy" type="12"/>
        <column name="au_creationDate" type="93"/>
        <column name="au_modifiedDate" type="93"/>
        <column name="au_revision" type="12"/>
        <column name="au_synchronized" type="3"/>
        <column name="au_projectOwner" type="12"/>
        <column name="au_xsd" type="-1"/>
        <column name="xsdFilePath" type="12"/>
        <column name="au_encodingUsed" type="12"/>
        <column name="AU_REUSABLE" type="3"/>
        <column name="au_advancedSchema" type="3"/>
        <column name="au_advancedExcel" type="3"/>
        <column name="au_processAllSheets" type="3"/>
        <column name="au_headerPresent" type="3"/>
        <column name="au_startRowNumber" type="4"/>
        <column name="au_startColumnNumber" type="4"/>
        <column name="au_encryptSecretKey" type="12"/>
        <column name="au_decryptSecretKey" type="12"/>
        <column name="au_advanceXsd" type="-1"/>
        <column name="au_passwordProtected" type="3"/>
        <column name="au_password" type="12"/>
        <column name="au_json" type="-1"/>
        <column name="au_filterBlankRow" type="3"/>
        <column name="au_unstructuredDataType" type="12"/>
        <column name="au_enableStreaming" type="3"/>
    </columnInfo>
</data>
