<?xml version="1.0" encoding="UTF-8"?>
<data>
    <AU_TRANSACTION>
        <au_realTimeConfiguration><![CDATA[0]]></au_realTimeConfiguration>
        <au_entityName><![CDATA[export_pf]]></au_entityName>
        <au_id><![CDATA[1209822675123773440]]></au_id>
        <au_modifiedDate><![CDATA[2024-02-21T11:26:19]]></au_modifiedDate>
        <au_comments><![CDATA[null]]></au_comments>
        <au_repositoryAction><![CDATA[L]]></au_repositoryAction>
        <au_description><![CDATA[export process flow]]></au_description>
        <au_priority><![CDATA[LOW]]></au_priority>
        <au_synchronized><![CDATA[0]]></au_synchronized>
        <au_dataEncryptionAtRest><![CDATA[useGlobalPolicy]]></au_dataEncryptionAtRest>
        <au_retainVarXml><![CDATA[0]]></au_retainVarXml>
        <au_modifiedBy><![CDATA[IndigoUser:127000000001107055536473900001]]></au_modifiedBy>
        <au_activeVersion><![CDATA[1]]></au_activeVersion>
        <au_permissionMask><![CDATA[770]]></au_permissionMask>
        <au_flowDescriptor><![CDATA[<?xml version="1.0" encoding="UTF-8"?>
<AdeptiaPE xmlns="jelly:com.werken.blissed.jelly.BlissedTagLibrary" xmlns:version="4.7" xmlns:j="jelly:core" xmlns:abpm="jelly:com.adeptia.indigo.jelly.IndigoTagLibrary" xmlns:pd="jelly:com.adeptia.indigo.pd.ProcessDesignerTagLibrary">
   <process name="mainProcess" start="startState" var="mainProcess">
      <state name="startState">
         <activity>
            <abpm:installGlobalExceptionHandlers/>
         </activity>
      </state>
      <state name="Task_06sffrn">
         <activity>
            <abpm:activity name="ftp_source" async="false" id="1209821481626181632" signal="SignalComplete" type="FtpSource">
               <abpm:params>
                  <abpm:param name="restartTriesCount">[ABPM_._ESCAPE_._CDATA_._START]0[ABPM_._ESCAPE_._CDATA_._END]</abpm:param>
                  <abpm:param name="restartWaitTime">[ABPM_._ESCAPE_._CDATA_._START]60[ABPM_._ESCAPE_._CDATA_._END]</abpm:param>
                  <abpm:param name="streamNames">[ABPM_._ESCAPE_._CDATA_._START]default[ABPM_._ESCAPE_._CDATA_._END]</abpm:param>
                  <abpm:param name="targetConnectTimeout">[ABPM_._ESCAPE_._CDATA_._START]300[ABPM_._ESCAPE_._CDATA_._END]</abpm:param>
                  <abpm:param name="eventContextEnabled">[ABPM_._ESCAPE_._CDATA_._START]false[ABPM_._ESCAPE_._CDATA_._END]</abpm:param>
               </abpm:params>
            </abpm:activity>
         </activity>
      </state>
      <state name="Task_1807hlo">
         <activity>
            <abpm:activity name="excel_layout" async="false" id="" signal="SignalComplete" type="Stream2XmlStreamTransformer">
               <abpm:params>
                  <abpm:param name="restartTriesCount">[ABPM_._ESCAPE_._CDATA_._START]0[ABPM_._ESCAPE_._CDATA_._END]</abpm:param>
                  <abpm:param name="restartWaitTime">[ABPM_._ESCAPE_._CDATA_._START]60[ABPM_._ESCAPE_._CDATA_._END]</abpm:param>
                  <abpm:param name="source">[ABPM_._ESCAPE_._CDATA_._START]ftp_source[ABPM_._ESCAPE_._CDATA_._END]</abpm:param>
                  <abpm:param name="streamNames">[ABPM_._ESCAPE_._CDATA_._START]default[ABPM_._ESCAPE_._CDATA_._END]</abpm:param>
                  <abpm:param name="targetConnectTimeout">[ABPM_._ESCAPE_._CDATA_._START]300[ABPM_._ESCAPE_._CDATA_._END]</abpm:param>
                  <abpm:param name="characterSetEncoding">[ABPM_._ESCAPE_._CDATA_._START]UTF-8[ABPM_._ESCAPE_._CDATA_._END]</abpm:param>
                  <abpm:param name="transformer">[ABPM_._ESCAPE_._CDATA_._START]Stream2XmlStreamTransformer[ABPM_._ESCAPE_._CDATA_._END]</abpm:param>
                  <abpm:param name="intermediateFormat">[ABPM_._ESCAPE_._CDATA_._START]Native[ABPM_._ESCAPE_._CDATA_._END]</abpm:param>
                  <abpm:param name="fileType">[ABPM_._ESCAPE_._CDATA_._START].xls[ABPM_._ESCAPE_._CDATA_._END]</abpm:param>
                  <abpm:param name="dataAction">[ABPM_._ESCAPE_._CDATA_._START]No Action[ABPM_._ESCAPE_._CDATA_._END]</abpm:param>
                  <abpm:param name="errorRecordHandleType">[ABPM_._ESCAPE_._CDATA_._START]File[ABPM_._ESCAPE_._CDATA_._END]</abpm:param>
                  <abpm:param name="schemaTypedId">[ABPM_._ESCAPE_._CDATA_._START]ExcelSchema:1209812145243889664[ABPM_._ESCAPE_._CDATA_._END]</abpm:param>
               </abpm:params>
            </abpm:activity>
         </activity>
      </state>
      <state name="Task_02q5b9r">
         <activity>
            <abpm:activity name="export_mapping" async="false" id="1209818493293633536" signal="SignalComplete" type="DataMapping">
               <abpm:params>
                  <abpm:param name="restartTriesCount">[ABPM_._ESCAPE_._CDATA_._START]0[ABPM_._ESCAPE_._CDATA_._END]</abpm:param>
                  <abpm:param name="restartWaitTime">[ABPM_._ESCAPE_._CDATA_._START]60[ABPM_._ESCAPE_._CDATA_._END]</abpm:param>
                  <abpm:param name="source">[ABPM_._ESCAPE_._CDATA_._START]excel_layout[ABPM_._ESCAPE_._CDATA_._END]</abpm:param>
                  <abpm:param name="streamNames">[ABPM_._ESCAPE_._CDATA_._START]default[ABPM_._ESCAPE_._CDATA_._END]</abpm:param>
                  <abpm:param name="targetConnectTimeout">[ABPM_._ESCAPE_._CDATA_._START]300[ABPM_._ESCAPE_._CDATA_._END]</abpm:param>
                  <abpm:param name="characterSetEncoding">[ABPM_._ESCAPE_._CDATA_._START]UTF-8[ABPM_._ESCAPE_._CDATA_._END]</abpm:param>
                  <abpm:param name="generateStream">[ABPM_._ESCAPE_._CDATA_._START]true[ABPM_._ESCAPE_._CDATA_._END]</abpm:param>
                  <abpm:param name="Consume Stream">[ABPM_._ESCAPE_._CDATA_._START]true[ABPM_._ESCAPE_._CDATA_._END]</abpm:param>
                  <abpm:param name="errorRecordHandleType">[ABPM_._ESCAPE_._CDATA_._START]File[ABPM_._ESCAPE_._CDATA_._END]</abpm:param>
                  <abpm:param name="transformerType">[ABPM_._ESCAPE_._CDATA_._START]Saxon[ABPM_._ESCAPE_._CDATA_._END]</abpm:param>
               </abpm:params>
            </abpm:activity>
         </activity>
      </state>
      <state name="Task_1o7kozc">
         <activity>
            <abpm:activity name="json_layout" async="false" id="" signal="SignalComplete" type="XmlStream2StreamTransformer">
               <abpm:params>
                  <abpm:param name="restartTriesCount">[ABPM_._ESCAPE_._CDATA_._START]0[ABPM_._ESCAPE_._CDATA_._END]</abpm:param>
                  <abpm:param name="restartWaitTime">[ABPM_._ESCAPE_._CDATA_._START]60[ABPM_._ESCAPE_._CDATA_._END]</abpm:param>
                  <abpm:param name="source">[ABPM_._ESCAPE_._CDATA_._START]export_mapping[ABPM_._ESCAPE_._CDATA_._END]</abpm:param>
                  <abpm:param name="streamNames">[ABPM_._ESCAPE_._CDATA_._START]default[ABPM_._ESCAPE_._CDATA_._END]</abpm:param>
                  <abpm:param name="targetConnectTimeout">[ABPM_._ESCAPE_._CDATA_._START]300[ABPM_._ESCAPE_._CDATA_._END]</abpm:param>
                  <abpm:param name="characterSetEncoding">[ABPM_._ESCAPE_._CDATA_._START]UTF-8[ABPM_._ESCAPE_._CDATA_._END]</abpm:param>
                  <abpm:param name="transformer">[ABPM_._ESCAPE_._CDATA_._START]XmlStream2StreamTransformer[ABPM_._ESCAPE_._CDATA_._END]</abpm:param>
                  <abpm:param name="intermediateFormat">[ABPM_._ESCAPE_._CDATA_._START]Native[ABPM_._ESCAPE_._CDATA_._END]</abpm:param>
                  <abpm:param name="dataAction">[ABPM_._ESCAPE_._CDATA_._START]No Action[ABPM_._ESCAPE_._CDATA_._END]</abpm:param>
                  <abpm:param name="errorRecordHandleType">[ABPM_._ESCAPE_._CDATA_._START]File[ABPM_._ESCAPE_._CDATA_._END]</abpm:param>
                  <abpm:param name="schemaTypedId">[ABPM_._ESCAPE_._CDATA_._START]JSONSchema:1209811152229834752[ABPM_._ESCAPE_._CDATA_._END]</abpm:param>
               </abpm:params>
            </abpm:activity>
         </activity>
      </state>
      <state name="Task_147n4un">
         <activity>
            <abpm:activity name="ftp_target" async="false" id="1209822054261923840" signal="SignalComplete" type="FtpTarget">
               <abpm:params>
                  <abpm:param name="restartTriesCount">[ABPM_._ESCAPE_._CDATA_._START]0[ABPM_._ESCAPE_._CDATA_._END]</abpm:param>
                  <abpm:param name="restartWaitTime">[ABPM_._ESCAPE_._CDATA_._START]60[ABPM_._ESCAPE_._CDATA_._END]</abpm:param>
                  <abpm:param name="source">[ABPM_._ESCAPE_._CDATA_._START]json_layout[ABPM_._ESCAPE_._CDATA_._END]</abpm:param>
                  <abpm:param name="streamNames">[ABPM_._ESCAPE_._CDATA_._START][ABPM_._ESCAPE_._CDATA_._END]</abpm:param>
                  <abpm:param name="targetConnectTimeout">[ABPM_._ESCAPE_._CDATA_._START]300[ABPM_._ESCAPE_._CDATA_._END]</abpm:param>
               </abpm:params>
            </abpm:activity>
         </activity>
      </state>
      <state name="StartEvent_1">
         <activity>
            <pd:event type="start" subType="none"/>
         </activity>
      </state>
      <transition from="startState" to="StartEvent_1"/>
      <transition from="StartEvent_1" to="Task_06sffrn"/>
      <transition from="Task_06sffrn" to="Task_1807hlo"/>
      <transition from="Task_1807hlo" to="Task_02q5b9r"/>
      <transition from="Task_02q5b9r" to="Task_1o7kozc"/>
      <transition from="Task_1o7kozc" to="Task_147n4un"/>
   </process>
</AdeptiaPE>
]]></au_flowDescriptor>
        <au_revision><![CDATA[null]]></au_revision>
        <au_activeFlag><![CDATA[1]]></au_activeFlag>
        <au_userOwner><![CDATA[IndigoUser:127000000001107055536473900001]]></au_userOwner>
        <au_childFlows><![CDATA[null]]></au_childFlows>
        <au_groupOwner><![CDATA[IndigoGroup:127000000001107055548721600002]]></au_groupOwner>
        <au_recoverable><![CDATA[1]]></au_recoverable>
        <au_connectDashboardLogging><![CDATA[1]]></au_connectDashboardLogging>
        <au_webPdXml><![CDATA[<?xml version="1.0" encoding="UTF-8"?>
<bpmn2:definitions xmlns:xsi="http://www.w3.org/2001/XMLSchema-instance" xmlns:bpmn2="http://www.omg.org/spec/BPMN/20100524/MODEL" xmlns:bpmndi="http://www.omg.org/spec/BPMN/20100524/DI" xmlns:dc="http://www.omg.org/spec/DD/20100524/DC" xmlns:di="http://www.omg.org/spec/DD/20100524/DI" xmlns:ap="http://adeptia.com/schema/bpmn/ap" xmlns:bioc="http://bpmn.io/schema/bpmn/biocolor/1.0" id="sample-diagram" targetNamespace="http://bpmn.io/schema/bpmn" xsi:schemaLocation="http://www.omg.org/spec/BPMN/20100524/MODEL BPMN20.xsd">
  <bpmn2:process id="mainProcess" isExecutable="false">
    <bpmn2:extensionElements>
      <ap:properties>
        <ap:property name="version">[ABPM_._ESCAPE_._CDATA_._START]1.0[ABPM_._ESCAPE_._CDATA_._END]</ap:property>
      </ap:properties>
    </bpmn2:extensionElements>
    <bpmn2:startEvent id="StartEvent_1" name="Start Event">
      <bpmn2:outgoing>SequenceFlow_1e1e3vn</bpmn2:outgoing>
    </bpmn2:startEvent>
    <bpmn2:task id="Task_06sffrn" name="ftp_source">
      <bpmn2:extensionElements>
        <ap:node>
          <ap:attribute name="label">[ABPM_._ESCAPE_._CDATA_._START]ftp_source[ABPM_._ESCAPE_._CDATA_._END]</ap:attribute>
          <ap:attribute name="type">[ABPM_._ESCAPE_._CDATA_._START]FtpSource[ABPM_._ESCAPE_._CDATA_._END]</ap:attribute>
          <ap:attribute name="id">[ABPM_._ESCAPE_._CDATA_._START]1209821481626181632[ABPM_._ESCAPE_._CDATA_._END]</ap:attribute>
          <ap:attribute name="name">[ABPM_._ESCAPE_._CDATA_._START]ftp_source[ABPM_._ESCAPE_._CDATA_._END]</ap:attribute>
          <ap:attribute name="async">[ABPM_._ESCAPE_._CDATA_._START]false[ABPM_._ESCAPE_._CDATA_._END]</ap:attribute>
          <ap:attribute name="connector">[ABPM_._ESCAPE_._CDATA_._START]false[ABPM_._ESCAPE_._CDATA_._END]</ap:attribute>
          <ap:attribute name="signal">[ABPM_._ESCAPE_._CDATA_._START]SignalComplete[ABPM_._ESCAPE_._CDATA_._END]</ap:attribute>
          <ap:attribute name="comments">[ABPM_._ESCAPE_._CDATA_._START][ABPM_._ESCAPE_._CDATA_._END]</ap:attribute>
          <ap:attribute name="serverEntity">[ABPM_._ESCAPE_._CDATA_._START]false[ABPM_._ESCAPE_._CDATA_._END]</ap:attribute>
          <ap:attribute name="serviceType">[ABPM_._ESCAPE_._CDATA_._START]activity[ABPM_._ESCAPE_._CDATA_._END]</ap:attribute>
          <ap:attribute name="uiType">[ABPM_._ESCAPE_._CDATA_._START]FtpSource[ABPM_._ESCAPE_._CDATA_._END]</ap:attribute>
        </ap:node>
        <ap:streams>
          <ap:stream id="stream_0gmrw1y" name="ftp_source" consumer="Task_1807hlo" source="Task_06sffrn" error="false" visible="false" dataObjectReferenceId="" />
        </ap:streams>
        <ap:properties>
          <ap:property name="restartTriesCount">[ABPM_._ESCAPE_._CDATA_._START]0[ABPM_._ESCAPE_._CDATA_._END]</ap:property>
          <ap:property name="restartWaitTime">[ABPM_._ESCAPE_._CDATA_._START]60[ABPM_._ESCAPE_._CDATA_._END]</ap:property>
          <ap:property name="source">[ABPM_._ESCAPE_._CDATA_._START][ABPM_._ESCAPE_._CDATA_._END]</ap:property>
          <ap:property name="streamNames">[ABPM_._ESCAPE_._CDATA_._START]ftp_source[ABPM_._ESCAPE_._CDATA_._END]</ap:property>
          <ap:property name="targetConnectTimeout">[ABPM_._ESCAPE_._CDATA_._START]300[ABPM_._ESCAPE_._CDATA_._END]</ap:property>
          <ap:property name="eventContextEnabled">[ABPM_._ESCAPE_._CDATA_._START]false[ABPM_._ESCAPE_._CDATA_._END]</ap:property>
        </ap:properties>
      </bpmn2:extensionElements>
      <bpmn2:incoming>SequenceFlow_1e1e3vn</bpmn2:incoming>
      <bpmn2:outgoing>SequenceFlow_0kn8ewb</bpmn2:outgoing>
    </bpmn2:task>
    <bpmn2:sequenceFlow id="SequenceFlow_1e1e3vn" sourceRef="StartEvent_1" targetRef="Task_06sffrn" />
    <bpmn2:task id="Task_1807hlo" name="excel_layout">
      <bpmn2:extensionElements>
        <ap:streams>
          <ap:stream id="stream_1qk4mzw" name="excel_layout" consumer="Task_02q5b9r" source="Task_1807hlo" error="false" visible="false" dataObjectReferenceId="" />
        </ap:streams>
        <ap:node>
          <ap:attribute name="label">[ABPM_._ESCAPE_._CDATA_._START]excel_layout[ABPM_._ESCAPE_._CDATA_._END]</ap:attribute>
          <ap:attribute name="type">[ABPM_._ESCAPE_._CDATA_._START]ExcelSchema[ABPM_._ESCAPE_._CDATA_._END]</ap:attribute>
          <ap:attribute name="id">[ABPM_._ESCAPE_._CDATA_._START]1209812145243889664[ABPM_._ESCAPE_._CDATA_._END]</ap:attribute>
          <ap:attribute name="name">[ABPM_._ESCAPE_._CDATA_._START]excel_layout[ABPM_._ESCAPE_._CDATA_._END]</ap:attribute>
          <ap:attribute name="async">[ABPM_._ESCAPE_._CDATA_._START]false[ABPM_._ESCAPE_._CDATA_._END]</ap:attribute>
          <ap:attribute name="connector">[ABPM_._ESCAPE_._CDATA_._START]false[ABPM_._ESCAPE_._CDATA_._END]</ap:attribute>
          <ap:attribute name="signal">[ABPM_._ESCAPE_._CDATA_._START]SignalComplete[ABPM_._ESCAPE_._CDATA_._END]</ap:attribute>
          <ap:attribute name="comments">[ABPM_._ESCAPE_._CDATA_._START][ABPM_._ESCAPE_._CDATA_._END]</ap:attribute>
          <ap:attribute name="serverEntity">[ABPM_._ESCAPE_._CDATA_._START]false[ABPM_._ESCAPE_._CDATA_._END]</ap:attribute>
          <ap:attribute name="serviceType">[ABPM_._ESCAPE_._CDATA_._START]activity[ABPM_._ESCAPE_._CDATA_._END]</ap:attribute>
          <ap:attribute name="uiType">[ABPM_._ESCAPE_._CDATA_._START]ExcelSchema[ABPM_._ESCAPE_._CDATA_._END]</ap:attribute>
        </ap:node>
        <ap:properties>
          <ap:property name="restartTriesCount">[ABPM_._ESCAPE_._CDATA_._START]0[ABPM_._ESCAPE_._CDATA_._END]</ap:property>
          <ap:property name="restartWaitTime">[ABPM_._ESCAPE_._CDATA_._START]60[ABPM_._ESCAPE_._CDATA_._END]</ap:property>
          <ap:property name="source">[ABPM_._ESCAPE_._CDATA_._START]ftp_source[ABPM_._ESCAPE_._CDATA_._END]</ap:property>
          <ap:property name="streamNames">[ABPM_._ESCAPE_._CDATA_._START]excel_layout[ABPM_._ESCAPE_._CDATA_._END]</ap:property>
          <ap:property name="targetConnectTimeout">[ABPM_._ESCAPE_._CDATA_._START]300[ABPM_._ESCAPE_._CDATA_._END]</ap:property>
          <ap:property name="characterSetEncoding">[ABPM_._ESCAPE_._CDATA_._START]UTF-8[ABPM_._ESCAPE_._CDATA_._END]</ap:property>
          <ap:property name="transformer">[ABPM_._ESCAPE_._CDATA_._START]Stream2XmlStreamTransformer[ABPM_._ESCAPE_._CDATA_._END]</ap:property>
          <ap:property name="intermediateFormat">[ABPM_._ESCAPE_._CDATA_._START]Native[ABPM_._ESCAPE_._CDATA_._END]</ap:property>
          <ap:property name="fileType">[ABPM_._ESCAPE_._CDATA_._START].xls[ABPM_._ESCAPE_._CDATA_._END]</ap:property>
          <ap:property name="dataAction">[ABPM_._ESCAPE_._CDATA_._START]No Action[ABPM_._ESCAPE_._CDATA_._END]</ap:property>
          <ap:property name="errorRecordHandleType">[ABPM_._ESCAPE_._CDATA_._START]File[ABPM_._ESCAPE_._CDATA_._END]</ap:property>
        </ap:properties>
      </bpmn2:extensionElements>
      <bpmn2:incoming>SequenceFlow_0kn8ewb</bpmn2:incoming>
      <bpmn2:outgoing>SequenceFlow_0i3vsm3</bpmn2:outgoing>
    </bpmn2:task>
    <bpmn2:sequenceFlow id="SequenceFlow_0kn8ewb" sourceRef="Task_06sffrn" targetRef="Task_1807hlo" />
    <bpmn2:task id="Task_02q5b9r" name="export_mapping">
      <bpmn2:extensionElements>
        <ap:streams>
          <ap:stream id="stream_0iakajy" name="export_mapping" consumer="Task_1o7kozc" source="Task_02q5b9r" error="false" visible="false" dataObjectReferenceId="" />
        </ap:streams>
        <ap:node>
          <ap:attribute name="label">[ABPM_._ESCAPE_._CDATA_._START]export_mapping[ABPM_._ESCAPE_._CDATA_._END]</ap:attribute>
          <ap:attribute name="type">[ABPM_._ESCAPE_._CDATA_._START]DataMapping[ABPM_._ESCAPE_._CDATA_._END]</ap:attribute>
          <ap:attribute name="id">[ABPM_._ESCAPE_._CDATA_._START]1209818493293633536[ABPM_._ESCAPE_._CDATA_._END]</ap:attribute>
          <ap:attribute name="name">[ABPM_._ESCAPE_._CDATA_._START]export_mapping[ABPM_._ESCAPE_._CDATA_._END]</ap:attribute>
          <ap:attribute name="async">[ABPM_._ESCAPE_._CDATA_._START]false[ABPM_._ESCAPE_._CDATA_._END]</ap:attribute>
          <ap:attribute name="connector">[ABPM_._ESCAPE_._CDATA_._START]false[ABPM_._ESCAPE_._CDATA_._END]</ap:attribute>
          <ap:attribute name="signal">[ABPM_._ESCAPE_._CDATA_._START]SignalComplete[ABPM_._ESCAPE_._CDATA_._END]</ap:attribute>
          <ap:attribute name="comments">[ABPM_._ESCAPE_._CDATA_._START][ABPM_._ESCAPE_._CDATA_._END]</ap:attribute>
          <ap:attribute name="serverEntity">[ABPM_._ESCAPE_._CDATA_._START]false[ABPM_._ESCAPE_._CDATA_._END]</ap:attribute>
          <ap:attribute name="serviceType">[ABPM_._ESCAPE_._CDATA_._START]activity[ABPM_._ESCAPE_._CDATA_._END]</ap:attribute>
          <ap:attribute name="uiType">[ABPM_._ESCAPE_._CDATA_._START]DataMapping[ABPM_._ESCAPE_._CDATA_._END]</ap:attribute>
        </ap:node>
        <ap:properties>
          <ap:property name="restartTriesCount">[ABPM_._ESCAPE_._CDATA_._START]0[ABPM_._ESCAPE_._CDATA_._END]</ap:property>
          <ap:property name="restartWaitTime">[ABPM_._ESCAPE_._CDATA_._START]60[ABPM_._ESCAPE_._CDATA_._END]</ap:property>
          <ap:property name="source">[ABPM_._ESCAPE_._CDATA_._START]excel_layout[ABPM_._ESCAPE_._CDATA_._END]</ap:property>
          <ap:property name="streamNames">[ABPM_._ESCAPE_._CDATA_._START]export_mapping[ABPM_._ESCAPE_._CDATA_._END]</ap:property>
          <ap:property name="targetConnectTimeout">[ABPM_._ESCAPE_._CDATA_._START]300[ABPM_._ESCAPE_._CDATA_._END]</ap:property>
          <ap:property name="characterSetEncoding">[ABPM_._ESCAPE_._CDATA_._START]UTF-8[ABPM_._ESCAPE_._CDATA_._END]</ap:property>
          <ap:property name="generateStream">[ABPM_._ESCAPE_._CDATA_._START]true[ABPM_._ESCAPE_._CDATA_._END]</ap:property>
          <ap:property name="consumeStream">[ABPM_._ESCAPE_._CDATA_._START]true[ABPM_._ESCAPE_._CDATA_._END]</ap:property>
          <ap:property name="errorRecordHandleType">[ABPM_._ESCAPE_._CDATA_._START]File[ABPM_._ESCAPE_._CDATA_._END]</ap:property>
          <ap:property name="transformerType">[ABPM_._ESCAPE_._CDATA_._START]Saxon[ABPM_._ESCAPE_._CDATA_._END]</ap:property>
        </ap:properties>
      </bpmn2:extensionElements>
      <bpmn2:incoming>SequenceFlow_0i3vsm3</bpmn2:incoming>
      <bpmn2:outgoing>SequenceFlow_1mspua9</bpmn2:outgoing>
    </bpmn2:task>
    <bpmn2:sequenceFlow id="SequenceFlow_0i3vsm3" sourceRef="Task_1807hlo" targetRef="Task_02q5b9r" />
    <bpmn2:task id="Task_1o7kozc" name="json_layout">
      <bpmn2:extensionElements>
        <ap:streams>
          <ap:stream id="stream_1u6s2ux" name="json_layout" consumer="Task_147n4un" source="Task_1o7kozc" error="false" visible="false" dataObjectReferenceId="" />
        </ap:streams>
        <ap:node>
          <ap:attribute name="label">[ABPM_._ESCAPE_._CDATA_._START]json_layout[ABPM_._ESCAPE_._CDATA_._END]</ap:attribute>
          <ap:attribute name="type">[ABPM_._ESCAPE_._CDATA_._START]JSONSchema[ABPM_._ESCAPE_._CDATA_._END]</ap:attribute>
          <ap:attribute name="id">[ABPM_._ESCAPE_._CDATA_._START]1209811152229834752[ABPM_._ESCAPE_._CDATA_._END]</ap:attribute>
          <ap:attribute name="name">[ABPM_._ESCAPE_._CDATA_._START]json_layout[ABPM_._ESCAPE_._CDATA_._END]</ap:attribute>
          <ap:attribute name="async">[ABPM_._ESCAPE_._CDATA_._START]false[ABPM_._ESCAPE_._CDATA_._END]</ap:attribute>
          <ap:attribute name="connector">[ABPM_._ESCAPE_._CDATA_._START]false[ABPM_._ESCAPE_._CDATA_._END]</ap:attribute>
          <ap:attribute name="signal">[ABPM_._ESCAPE_._CDATA_._START]SignalComplete[ABPM_._ESCAPE_._CDATA_._END]</ap:attribute>
          <ap:attribute name="comments">[ABPM_._ESCAPE_._CDATA_._START][ABPM_._ESCAPE_._CDATA_._END]</ap:attribute>
          <ap:attribute name="serverEntity">[ABPM_._ESCAPE_._CDATA_._START]false[ABPM_._ESCAPE_._CDATA_._END]</ap:attribute>
          <ap:attribute name="serviceType">[ABPM_._ESCAPE_._CDATA_._START]activity[ABPM_._ESCAPE_._CDATA_._END]</ap:attribute>
          <ap:attribute name="uiType">[ABPM_._ESCAPE_._CDATA_._START]JSONSchema[ABPM_._ESCAPE_._CDATA_._END]</ap:attribute>
        </ap:node>
        <ap:properties>
          <ap:property name="restartTriesCount">[ABPM_._ESCAPE_._CDATA_._START]0[ABPM_._ESCAPE_._CDATA_._END]</ap:property>
          <ap:property name="restartWaitTime">[ABPM_._ESCAPE_._CDATA_._START]60[ABPM_._ESCAPE_._CDATA_._END]</ap:property>
          <ap:property name="source">[ABPM_._ESCAPE_._CDATA_._START]export_mapping[ABPM_._ESCAPE_._CDATA_._END]</ap:property>
          <ap:property name="streamNames">[ABPM_._ESCAPE_._CDATA_._START]json_layout[ABPM_._ESCAPE_._CDATA_._END]</ap:property>
          <ap:property name="targetConnectTimeout">[ABPM_._ESCAPE_._CDATA_._START]300[ABPM_._ESCAPE_._CDATA_._END]</ap:property>
          <ap:property name="characterSetEncoding">[ABPM_._ESCAPE_._CDATA_._START]UTF-8[ABPM_._ESCAPE_._CDATA_._END]</ap:property>
          <ap:property name="transformer">[ABPM_._ESCAPE_._CDATA_._START]XmlStream2StreamTransformer[ABPM_._ESCAPE_._CDATA_._END]</ap:property>
          <ap:property name="intermediateFormat">[ABPM_._ESCAPE_._CDATA_._START]Native[ABPM_._ESCAPE_._CDATA_._END]</ap:property>
          <ap:property name="dataAction">[ABPM_._ESCAPE_._CDATA_._START]No Action[ABPM_._ESCAPE_._CDATA_._END]</ap:property>
          <ap:property name="errorRecordHandleType">[ABPM_._ESCAPE_._CDATA_._START]File[ABPM_._ESCAPE_._CDATA_._END]</ap:property>
        </ap:properties>
      </bpmn2:extensionElements>
      <bpmn2:incoming>SequenceFlow_1mspua9</bpmn2:incoming>
      <bpmn2:outgoing>SequenceFlow_1vy9swy</bpmn2:outgoing>
    </bpmn2:task>
    <bpmn2:sequenceFlow id="SequenceFlow_1mspua9" sourceRef="Task_02q5b9r" targetRef="Task_1o7kozc" />
    <bpmn2:task id="Task_147n4un" name="ftp_target">
      <bpmn2:extensionElements>
        <ap:node>
          <ap:attribute name="label">[ABPM_._ESCAPE_._CDATA_._START]ftp_target[ABPM_._ESCAPE_._CDATA_._END]</ap:attribute>
          <ap:attribute name="type">[ABPM_._ESCAPE_._CDATA_._START]FtpTarget[ABPM_._ESCAPE_._CDATA_._END]</ap:attribute>
          <ap:attribute name="id">[ABPM_._ESCAPE_._CDATA_._START]1209822054261923840[ABPM_._ESCAPE_._CDATA_._END]</ap:attribute>
          <ap:attribute name="name">[ABPM_._ESCAPE_._CDATA_._START]ftp_target[ABPM_._ESCAPE_._CDATA_._END]</ap:attribute>
          <ap:attribute name="async">[ABPM_._ESCAPE_._CDATA_._START]false[ABPM_._ESCAPE_._CDATA_._END]</ap:attribute>
          <ap:attribute name="connector">[ABPM_._ESCAPE_._CDATA_._START]false[ABPM_._ESCAPE_._CDATA_._END]</ap:attribute>
          <ap:attribute name="signal">[ABPM_._ESCAPE_._CDATA_._START]SignalComplete[ABPM_._ESCAPE_._CDATA_._END]</ap:attribute>
          <ap:attribute name="comments">[ABPM_._ESCAPE_._CDATA_._START][ABPM_._ESCAPE_._CDATA_._END]</ap:attribute>
          <ap:attribute name="serverEntity">[ABPM_._ESCAPE_._CDATA_._START]false[ABPM_._ESCAPE_._CDATA_._END]</ap:attribute>
          <ap:attribute name="serviceType">[ABPM_._ESCAPE_._CDATA_._START]activity[ABPM_._ESCAPE_._CDATA_._END]</ap:attribute>
          <ap:attribute name="uiType">[ABPM_._ESCAPE_._CDATA_._START]FtpTarget[ABPM_._ESCAPE_._CDATA_._END]</ap:attribute>
        </ap:node>
        <ap:properties>
          <ap:property name="restartTriesCount">[ABPM_._ESCAPE_._CDATA_._START]0[ABPM_._ESCAPE_._CDATA_._END]</ap:property>
          <ap:property name="restartWaitTime">[ABPM_._ESCAPE_._CDATA_._START]60[ABPM_._ESCAPE_._CDATA_._END]</ap:property>
          <ap:property name="source">[ABPM_._ESCAPE_._CDATA_._START]json_layout[ABPM_._ESCAPE_._CDATA_._END]</ap:property>
          <ap:property name="streamNames">[ABPM_._ESCAPE_._CDATA_._START][ABPM_._ESCAPE_._CDATA_._END]</ap:property>
          <ap:property name="targetConnectTimeout">[ABPM_._ESCAPE_._CDATA_._START]300[ABPM_._ESCAPE_._CDATA_._END]</ap:property>
        </ap:properties>
      </bpmn2:extensionElements>
      <bpmn2:incoming>SequenceFlow_1vy9swy</bpmn2:incoming>
    </bpmn2:task>
    <bpmn2:sequenceFlow id="SequenceFlow_1vy9swy" sourceRef="Task_1o7kozc" targetRef="Task_147n4un" />
  </bpmn2:process>
  <bpmndi:BPMNDiagram id="BPMNDiagram_1">
    <bpmndi:BPMNPlane id="BPMNPlane_1" bpmnElement="mainProcess">
      <bpmndi:BPMNShape id="_BPMNShape_StartEvent_2" bpmnElement="StartEvent_1" bioc:stroke="#808080">
        <dc:Bounds x="100" y="200" width="36" height="36" />
      </bpmndi:BPMNShape>
      <bpmndi:BPMNShape id="Task_06sffrn_di" bpmnElement="Task_06sffrn" bioc:stroke="#808080" bioc:fill="url(#task_color)">
        <dc:Bounds x="186" y="188" width="130" height="60" />
      </bpmndi:BPMNShape>
      <bpmndi:BPMNEdge id="SequenceFlow_1e1e3vn_di" bpmnElement="SequenceFlow_1e1e3vn" bioc:stroke="#808080">
        <di:waypoint x="136" y="218" />
        <di:waypoint x="186" y="218" />
        <bpmndi:BPMNLabel>
          <dc:Bounds x="161" y="197" width="0" height="12" />
        </bpmndi:BPMNLabel>
      </bpmndi:BPMNEdge>
      <bpmndi:BPMNShape id="Task_1807hlo_di" bpmnElement="Task_1807hlo" bioc:stroke="#808080" bioc:fill="url(#task_color)">
        <dc:Bounds x="366" y="188" width="130" height="60" />
      </bpmndi:BPMNShape>
      <bpmndi:BPMNEdge id="SequenceFlow_0kn8ewb_di" bpmnElement="SequenceFlow_0kn8ewb" bioc:stroke="#808080">
        <di:waypoint x="316" y="218" />
        <di:waypoint x="366" y="218" />
        <bpmndi:BPMNLabel>
          <dc:Bounds x="341" y="197" width="0" height="12" />
        </bpmndi:BPMNLabel>
      </bpmndi:BPMNEdge>
      <bpmndi:BPMNShape id="Task_02q5b9r_di" bpmnElement="Task_02q5b9r" bioc:stroke="#808080" bioc:fill="url(#task_color)">
        <dc:Bounds x="546" y="188" width="130" height="60" />
      </bpmndi:BPMNShape>
      <bpmndi:BPMNEdge id="SequenceFlow_0i3vsm3_di" bpmnElement="SequenceFlow_0i3vsm3" bioc:stroke="#808080">
        <di:waypoint x="496" y="218" />
        <di:waypoint x="546" y="218" />
        <bpmndi:BPMNLabel>
          <dc:Bounds x="521" y="197" width="0" height="12" />
        </bpmndi:BPMNLabel>
      </bpmndi:BPMNEdge>
      <bpmndi:BPMNShape id="Task_1o7kozc_di" bpmnElement="Task_1o7kozc" bioc:stroke="#808080" bioc:fill="url(#task_color)">
        <dc:Bounds x="726" y="188" width="130" height="60" />
      </bpmndi:BPMNShape>
      <bpmndi:BPMNEdge id="SequenceFlow_1mspua9_di" bpmnElement="SequenceFlow_1mspua9" bioc:stroke="#008000">
        <di:waypoint x="676" y="218" />
        <di:waypoint x="726" y="218" />
        <bpmndi:BPMNLabel>
          <dc:Bounds x="701" y="197" width="0" height="12" />
        </bpmndi:BPMNLabel>
      </bpmndi:BPMNEdge>
      <bpmndi:BPMNShape id="Task_147n4un_di" bpmnElement="Task_147n4un" bioc:stroke="#808080" bioc:fill="url(#task_color)">
        <dc:Bounds x="906" y="188" width="130" height="60" />
      </bpmndi:BPMNShape>
      <bpmndi:BPMNEdge id="SequenceFlow_1vy9swy_di" bpmnElement="SequenceFlow_1vy9swy" bioc:stroke="#008000">
        <di:waypoint x="856" y="218" />
        <di:waypoint x="906" y="218" />
        <bpmndi:BPMNLabel>
          <dc:Bounds x="881" y="197" width="0" height="12" />
        </bpmndi:BPMNLabel>
      </bpmndi:BPMNEdge>
    </bpmndi:BPMNPlane>
  </bpmndi:BPMNDiagram>
</bpmn2:definitions>
]]></au_webPdXml>
        <au_previousVersion><![CDATA[]]></au_previousVersion>
        <au_OldFlowDescriptor><![CDATA[null]]></au_OldFlowDescriptor>
        <au_advanced><![CDATA[1]]></au_advanced>
        <au_trackVariables><![CDATA[<?xml version="1.0"?><Variables></Variables>]]></au_trackVariables>
        <au_version><![CDATA[1]]></au_version>
        <au_templateName><![CDATA[Process Designer]]></au_templateName>
        <au_creationDate><![CDATA[2024-02-21T11:23:23]]></au_creationDate>
        <au_loggingLevel><![CDATA[ERROR]]></au_loggingLevel>
        <au_logRetentionAction><![CDATA[L]]></au_logRetentionAction>
        <au_projectOwner><![CDATA[Default]]></au_projectOwner>
    </AU_TRANSACTION>
    <columnInfo dbtype="4">
        <column name="au_id" type="12"/>
        <column name="au_version" type="12"/>
        <column name="au_previousVersion" type="12"/>
        <column name="au_activeVersion" type="3"/>
        <column name="au_entityName" type="12"/>
        <column name="au_userOwner" type="12"/>
        <column name="au_groupOwner" type="12"/>
        <column name="au_permissionMask" type="12"/>
        <column name="au_description" type="12"/>
        <column name="au_comments" type="12"/>
        <column name="au_modifiedBy" type="12"/>
        <column name="au_creationDate" type="93"/>
        <column name="au_modifiedDate" type="93"/>
        <column name="au_revision" type="12"/>
        <column name="au_synchronized" type="3"/>
        <column name="au_projectOwner" type="12"/>
        <column name="au_flowDescriptor" type="-1"/>
        <column name="au_activeFlag" type="3"/>
        <column name="au_templateName" type="12"/>
        <column name="au_advanced" type="3"/>
        <column name="au_loggingLevel" type="12"/>
        <column name="au_priority" type="12"/>
        <column name="au_repositoryAction" type="12"/>
        <column name="au_logRetentionAction" type="12"/>
        <column name="au_childFlows" type="-1"/>
        <column name="au_trackVariables" type="-1"/>
        <column name="au_retainVarXml" type="3"/>
        <column name="au_recoverable" type="3"/>
        <column name="au_realTimeConfiguration" type="3"/>
        <column name="au_webPdXml" type="-1"/>
        <column name="au_OldFlowDescriptor" type="-1"/>
        <column name="au_dataEncryptionAtRest" type="12"/>
        <column name="au_connectDashboardLogging" type="3"/>
    </columnInfo>
</data>
