<?xml version="1.0" encoding="UTF-8"?>
<data>
    <AU_TRANSACTION>
        <au_modifiedBy><![CDATA[IndigoUser:1206493874042290176]]></au_modifiedBy>
        <au_webPdXml><![CDATA[<?xml version="1.0" encoding="UTF-8"?>
<bpmn2:definitions xmlns:xsi="http://www.w3.org/2001/XMLSchema-instance" xmlns:bpmn2="http://www.omg.org/spec/BPMN/20100524/MODEL" xmlns:bpmndi="http://www.omg.org/spec/BPMN/20100524/DI" xmlns:dc="http://www.omg.org/spec/DD/20100524/DC" xmlns:di="http://www.omg.org/spec/DD/20100524/DI" xmlns:ap="http://adeptia.com/schema/bpmn/ap" xmlns:bioc="http://bpmn.io/schema/bpmn/biocolor/1.0" id="sample-diagram" targetNamespace="http://bpmn.io/schema/bpmn" xsi:schemaLocation="http://www.omg.org/spec/BPMN/20100524/MODEL BPMN20.xsd">
  <bpmn2:process id="mainProcess" isExecutable="false">
    <bpmn2:extensionElements>
      <ap:properties>
        <ap:property name="version">[ABPM_._ESCAPE_._CDATA_._START]1.0[ABPM_._ESCAPE_._CDATA_._END]</ap:property>
      </ap:properties>
    </bpmn2:extensionElements>
    <bpmn2:startEvent id="StartEvent_1" name="Start Event">
      <bpmn2:outgoing>SequenceFlow_1xre184</bpmn2:outgoing>
    </bpmn2:startEvent>
    <bpmn2:endEvent id="EndEvent_19o0l1v" name="End Event">
      <bpmn2:extensionElements>
        <ap:properties>
          <ap:property name="attachNotification">[ABPM_._ESCAPE_._CDATA_._START]false[ABPM_._ESCAPE_._CDATA_._END]</ap:property>
          <ap:property name="mailNotification">[ABPM_._ESCAPE_._CDATA_._START][ABPM_._ESCAPE_._CDATA_._END]</ap:property>
        </ap:properties>
        <ap:node>
          <ap:attribute name="label">[ABPM_._ESCAPE_._CDATA_._START]End Event[ABPM_._ESCAPE_._CDATA_._END]</ap:attribute>
          <ap:attribute name="comments">[ABPM_._ESCAPE_._CDATA_._START][ABPM_._ESCAPE_._CDATA_._END]</ap:attribute>
        </ap:node>
      </bpmn2:extensionElements>
      <bpmn2:incoming>SequenceFlow_161jarc</bpmn2:incoming>
    </bpmn2:endEvent>
    <bpmn2:task id="Task_08se4ie" name="FTPSource">
      <bpmn2:extensionElements>
        <ap:streams>
          <ap:stream name="FTPSource" id="stream_01j4gz8" dataObjectReferenceId="" consumer="Task_1vjbxah" error="false" visible="false" source="Task_08se4ie" />
        </ap:streams>
        <ap:node>
          <ap:attribute name="label">[ABPM_._ESCAPE_._CDATA_._START]FTPSource[ABPM_._ESCAPE_._CDATA_._END]</ap:attribute>
          <ap:attribute name="type">[ABPM_._ESCAPE_._CDATA_._START]FtpSource[ABPM_._ESCAPE_._CDATA_._END]</ap:attribute>
          <ap:attribute name="id">[ABPM_._ESCAPE_._CDATA_._START]970960996649611264[ABPM_._ESCAPE_._CDATA_._END]</ap:attribute>
          <ap:attribute name="name">[ABPM_._ESCAPE_._CDATA_._START]FTPSource[ABPM_._ESCAPE_._CDATA_._END]</ap:attribute>
          <ap:attribute name="async">[ABPM_._ESCAPE_._CDATA_._START]false[ABPM_._ESCAPE_._CDATA_._END]</ap:attribute>
          <ap:attribute name="signal">[ABPM_._ESCAPE_._CDATA_._START]SignalComplete[ABPM_._ESCAPE_._CDATA_._END]</ap:attribute>
          <ap:attribute name="comments">[ABPM_._ESCAPE_._CDATA_._START][ABPM_._ESCAPE_._CDATA_._END]</ap:attribute>
          <ap:attribute name="serverEntity">[ABPM_._ESCAPE_._CDATA_._START]false[ABPM_._ESCAPE_._CDATA_._END]</ap:attribute>
          <ap:attribute name="serviceType">[ABPM_._ESCAPE_._CDATA_._START]activity[ABPM_._ESCAPE_._CDATA_._END]</ap:attribute>
          <ap:attribute name="uiType">[ABPM_._ESCAPE_._CDATA_._START]FtpSource[ABPM_._ESCAPE_._CDATA_._END]</ap:attribute>
          <ap:attribute name="jtaEnlist">[ABPM_._ESCAPE_._CDATA_._START]false[ABPM_._ESCAPE_._CDATA_._END]</ap:attribute>
        </ap:node>
        <ap:properties>
          <ap:property name="restartTriesCount">[ABPM_._ESCAPE_._CDATA_._START]0[ABPM_._ESCAPE_._CDATA_._END]</ap:property>
          <ap:property name="restartWaitTime">[ABPM_._ESCAPE_._CDATA_._START]60[ABPM_._ESCAPE_._CDATA_._END]</ap:property>
          <ap:property name="source">[ABPM_._ESCAPE_._CDATA_._START][ABPM_._ESCAPE_._CDATA_._END]</ap:property>
          <ap:property name="streamNames">[ABPM_._ESCAPE_._CDATA_._START]FTPSource[ABPM_._ESCAPE_._CDATA_._END]</ap:property>
          <ap:property name="targetConnectTimeout">[ABPM_._ESCAPE_._CDATA_._START]300[ABPM_._ESCAPE_._CDATA_._END]</ap:property>
          <ap:property name="eventContextEnabled">[ABPM_._ESCAPE_._CDATA_._START]true[ABPM_._ESCAPE_._CDATA_._END]</ap:property>
        </ap:properties>
      </bpmn2:extensionElements>
      <bpmn2:incoming>SequenceFlow_1xre184</bpmn2:incoming>
      <bpmn2:outgoing>SequenceFlow_1t1f19l</bpmn2:outgoing>
    </bpmn2:task>
    <bpmn2:task id="Task_1vjbxah" name="FTPTarget">
      <bpmn2:extensionElements>
        <ap:node>
          <ap:attribute name="label">[ABPM_._ESCAPE_._CDATA_._START]FTPTarget[ABPM_._ESCAPE_._CDATA_._END]</ap:attribute>
          <ap:attribute name="type">[ABPM_._ESCAPE_._CDATA_._START]FtpTarget[ABPM_._ESCAPE_._CDATA_._END]</ap:attribute>
          <ap:attribute name="id">[ABPM_._ESCAPE_._CDATA_._START]970962048417476608[ABPM_._ESCAPE_._CDATA_._END]</ap:attribute>
          <ap:attribute name="name">[ABPM_._ESCAPE_._CDATA_._START]FTPTarget[ABPM_._ESCAPE_._CDATA_._END]</ap:attribute>
          <ap:attribute name="async">[ABPM_._ESCAPE_._CDATA_._START]false[ABPM_._ESCAPE_._CDATA_._END]</ap:attribute>
          <ap:attribute name="signal">[ABPM_._ESCAPE_._CDATA_._START]SignalComplete[ABPM_._ESCAPE_._CDATA_._END]</ap:attribute>
          <ap:attribute name="comments">[ABPM_._ESCAPE_._CDATA_._START][ABPM_._ESCAPE_._CDATA_._END]</ap:attribute>
          <ap:attribute name="serverEntity">[ABPM_._ESCAPE_._CDATA_._START]false[ABPM_._ESCAPE_._CDATA_._END]</ap:attribute>
          <ap:attribute name="serviceType">[ABPM_._ESCAPE_._CDATA_._START]activity[ABPM_._ESCAPE_._CDATA_._END]</ap:attribute>
          <ap:attribute name="uiType">[ABPM_._ESCAPE_._CDATA_._START]FtpTarget[ABPM_._ESCAPE_._CDATA_._END]</ap:attribute>
        </ap:node>
        <ap:properties>
          <ap:property name="restartTriesCount">[ABPM_._ESCAPE_._CDATA_._START]0[ABPM_._ESCAPE_._CDATA_._END]</ap:property>
          <ap:property name="restartWaitTime">[ABPM_._ESCAPE_._CDATA_._START]60[ABPM_._ESCAPE_._CDATA_._END]</ap:property>
          <ap:property name="source">[ABPM_._ESCAPE_._CDATA_._START]FTPSource[ABPM_._ESCAPE_._CDATA_._END]</ap:property>
          <ap:property name="streamNames">[ABPM_._ESCAPE_._CDATA_._START][ABPM_._ESCAPE_._CDATA_._END]</ap:property>
          <ap:property name="targetConnectTimeout">[ABPM_._ESCAPE_._CDATA_._START]300[ABPM_._ESCAPE_._CDATA_._END]</ap:property>
        </ap:properties>
      </bpmn2:extensionElements>
      <bpmn2:incoming>SequenceFlow_1t1f19l</bpmn2:incoming>
      <bpmn2:outgoing>SequenceFlow_161jarc</bpmn2:outgoing>
    </bpmn2:task>
    <bpmn2:sequenceFlow id="SequenceFlow_1xre184" sourceRef="StartEvent_1" targetRef="Task_08se4ie" />
    <bpmn2:sequenceFlow id="SequenceFlow_1t1f19l" sourceRef="Task_08se4ie" targetRef="Task_1vjbxah" />
    <bpmn2:sequenceFlow id="SequenceFlow_161jarc" sourceRef="Task_1vjbxah" targetRef="EndEvent_19o0l1v" />
  </bpmn2:process>
  <bpmndi:BPMNDiagram id="BPMNDiagram_1">
    <bpmndi:BPMNPlane id="BPMNPlane_1" bpmnElement="mainProcess">
      <bpmndi:BPMNShape id="_BPMNShape_StartEvent_2" bpmnElement="StartEvent_1" bioc:stroke="#808080">
        <dc:Bounds x="100" y="200" width="36" height="36" />
      </bpmndi:BPMNShape>
      <bpmndi:BPMNShape id="EndEvent_19o0l1v_di" bpmnElement="EndEvent_19o0l1v" bioc:stroke="#808080">
        <dc:Bounds x="1013" y="217" width="36" height="36" />
        <bpmndi:BPMNLabel>
          <dc:Bounds x="1005" y="257" width="52" height="12" />
        </bpmndi:BPMNLabel>
      </bpmndi:BPMNShape>
      <bpmndi:BPMNShape id="Task_08se4ie_di" bpmnElement="Task_08se4ie" bioc:stroke="#808080" bioc:fill="url(#task_color)">
        <dc:Bounds x="326" y="117" width="130" height="60" />
      </bpmndi:BPMNShape>
      <bpmndi:BPMNShape id="Task_1vjbxah_di" bpmnElement="Task_1vjbxah" bioc:stroke="#808080" bioc:fill="url(#task_color)">
        <dc:Bounds x="599" y="117" width="130" height="60" />
      </bpmndi:BPMNShape>
      <bpmndi:BPMNEdge id="SequenceFlow_1xre184_di" bpmnElement="SequenceFlow_1xre184" bioc:stroke="#808080">
        <di:waypoint x="136" y="218" />
        <di:waypoint x="231" y="218" />
        <di:waypoint x="231" y="147" />
        <di:waypoint x="326" y="147" />
        <bpmndi:BPMNLabel>
          <dc:Bounds x="246" y="176.5" width="0" height="12" />
        </bpmndi:BPMNLabel>
      </bpmndi:BPMNEdge>
      <bpmndi:BPMNEdge id="SequenceFlow_1t1f19l_di" bpmnElement="SequenceFlow_1t1f19l" bioc:stroke="#008000">
        <di:waypoint x="456" y="147" />
        <di:waypoint x="599" y="147" />
        <bpmndi:BPMNLabel>
          <dc:Bounds x="527.5" y="126" width="0" height="12" />
        </bpmndi:BPMNLabel>
      </bpmndi:BPMNEdge>
      <bpmndi:BPMNEdge id="SequenceFlow_161jarc_di" bpmnElement="SequenceFlow_161jarc" bioc:stroke="#008000">
        <di:waypoint x="729" y="147" />
        <di:waypoint x="871" y="147" />
        <di:waypoint x="871" y="235" />
        <di:waypoint x="1013" y="235" />
        <bpmndi:BPMNLabel>
          <dc:Bounds x="886" y="185" width="0" height="12" />
        </bpmndi:BPMNLabel>
      </bpmndi:BPMNEdge>
    </bpmndi:BPMNPlane>
  </bpmndi:BPMNDiagram>
</bpmn2:definitions>
]]></au_webPdXml>
        <au_version><![CDATA[1]]></au_version>
        <au_advanced><![CDATA[1]]></au_advanced>
        <au_realTimeConfiguration><![CDATA[0]]></au_realTimeConfiguration>
        <au_description><![CDATA[Description of DemoProcessFlow]]></au_description>
        <au_OldFlowDescriptor><![CDATA[null]]></au_OldFlowDescriptor>
        <au_retainVarXml><![CDATA[0]]></au_retainVarXml>
        <au_loggingLevel><![CDATA[ERROR]]></au_loggingLevel>
        <au_groupOwner><![CDATA[IndigoGroup:192168001075148181566048300002]]></au_groupOwner>
        <au_activeVersion><![CDATA[1]]></au_activeVersion>
        <au_comments><![CDATA[null]]></au_comments>
        <au_flowDescriptor><![CDATA[<?xml version="1.0" encoding="UTF-8"?>
<AdeptiaPE xmlns="jelly:com.werken.blissed.jelly.BlissedTagLibrary" xmlns:version="4.7" xmlns:j="jelly:core" xmlns:abpm="jelly:com.adeptia.indigo.jelly.IndigoTagLibrary" xmlns:pd="jelly:com.adeptia.indigo.pd.ProcessDesignerTagLibrary">
   <process name="mainProcess" start="startState" var="mainProcess">
      <state name="startState">
         <activity>
            <abpm:installGlobalExceptionHandlers/>
         </activity>
      </state>
      <state name="Task_08se4ie">
         <activity>
            <abpm:activity name="FTPSource" async="false" id="970960996649611264" jtaEnlist="false" signal="SignalComplete" type="FtpSource">
               <abpm:params>
                  <abpm:param name="restartTriesCount">[ABPM_._ESCAPE_._CDATA_._START]0[ABPM_._ESCAPE_._CDATA_._END]</abpm:param>
                  <abpm:param name="restartWaitTime">[ABPM_._ESCAPE_._CDATA_._START]60[ABPM_._ESCAPE_._CDATA_._END]</abpm:param>
                  <abpm:param name="streamNames">[ABPM_._ESCAPE_._CDATA_._START]default[ABPM_._ESCAPE_._CDATA_._END]</abpm:param>
                  <abpm:param name="targetConnectTimeout">[ABPM_._ESCAPE_._CDATA_._START]300[ABPM_._ESCAPE_._CDATA_._END]</abpm:param>
                  <abpm:param name="eventContextEnabled">[ABPM_._ESCAPE_._CDATA_._START]true[ABPM_._ESCAPE_._CDATA_._END]</abpm:param>
               </abpm:params>
            </abpm:activity>
         </activity>
      </state>
      <state name="Task_1vjbxah">
         <activity>
            <abpm:activity name="FTPTarget" async="false" id="970962048417476608" signal="SignalComplete" type="FtpTarget">
               <abpm:params>
                  <abpm:param name="restartTriesCount">[ABPM_._ESCAPE_._CDATA_._START]0[ABPM_._ESCAPE_._CDATA_._END]</abpm:param>
                  <abpm:param name="restartWaitTime">[ABPM_._ESCAPE_._CDATA_._START]60[ABPM_._ESCAPE_._CDATA_._END]</abpm:param>
                  <abpm:param name="source">[ABPM_._ESCAPE_._CDATA_._START]FTPSource[ABPM_._ESCAPE_._CDATA_._END]</abpm:param>
                  <abpm:param name="streamNames">[ABPM_._ESCAPE_._CDATA_._START][ABPM_._ESCAPE_._CDATA_._END]</abpm:param>
                  <abpm:param name="targetConnectTimeout">[ABPM_._ESCAPE_._CDATA_._START]300[ABPM_._ESCAPE_._CDATA_._END]</abpm:param>
               </abpm:params>
            </abpm:activity>
         </activity>
      </state>
      <state name="StartEvent_1">
         <activity>
            <pd:event type="start" subType="none"/>
         </activity>
      </state>
      <state name="EndEvent_19o0l1v">
         <activity>
            <pd:event type="end" subType="none"/>
         </activity>
      </state>
      <transition from="startState" to="StartEvent_1"/>
      <transition from="StartEvent_1" to="Task_08se4ie"/>
      <transition from="Task_08se4ie" to="Task_1vjbxah"/>
      <transition from="Task_1vjbxah" to="EndEvent_19o0l1v"/>
   </process>
</AdeptiaPE>
]]></au_flowDescriptor>
        <au_connectDashboardLogging><![CDATA[1]]></au_connectDashboardLogging>
        <au_modifiedDate><![CDATA[2022-05-19T09:41:26]]></au_modifiedDate>
        <au_priority><![CDATA[LOW]]></au_priority>
        <au_previousVersion><![CDATA[]]></au_previousVersion>
        <au_childFlows><![CDATA[null]]></au_childFlows>
        <au_recoverable><![CDATA[1]]></au_recoverable>
        <au_activeFlag><![CDATA[1]]></au_activeFlag>
        <au_logRetentionAction><![CDATA[L]]></au_logRetentionAction>
        <au_creationDate><![CDATA[2022-05-03T07:43:54]]></au_creationDate>
        <au_revision><![CDATA[null]]></au_revision>
        <au_id><![CDATA[970953836364509184]]></au_id>
        <au_userOwner><![CDATA[IndigoUser:1206493874042290176]]></au_userOwner>
        <au_trackVariables><![CDATA[<?xml version="1.0"?><Variables></Variables>]]></au_trackVariables>
        <au_permissionMask><![CDATA[770]]></au_permissionMask>
        <au_entityName><![CDATA[DemoProcessFlow]]></au_entityName>
        <au_repositoryAction><![CDATA[L]]></au_repositoryAction>
        <au_synchronized><![CDATA[0]]></au_synchronized>
        <au_templateName><![CDATA[Process Designer]]></au_templateName>
        <au_dataEncryptionAtRest><![CDATA[useGlobalPolicy]]></au_dataEncryptionAtRest>
        <au_projectOwner><![CDATA[Project:11484550701988]]></au_projectOwner>
    </AU_TRANSACTION>
    <columnInfo dbtype="4">
        <column name="au_id" type="12"/>
        <column name="au_version" type="12"/>
        <column name="au_previousVersion" type="12"/>
        <column name="au_activeVersion" type="3"/>
        <column name="au_entityName" type="12"/>
        <column name="au_userOwner" type="12"/>
        <column name="au_groupOwner" type="12"/>
        <column name="au_permissionMask" type="12"/>
        <column name="au_description" type="12"/>
        <column name="au_comments" type="12"/>
        <column name="au_modifiedBy" type="12"/>
        <column name="au_creationDate" type="93"/>
        <column name="au_modifiedDate" type="93"/>
        <column name="au_revision" type="12"/>
        <column name="au_synchronized" type="3"/>
        <column name="au_projectOwner" type="12"/>
        <column name="au_flowDescriptor" type="-1"/>
        <column name="au_activeFlag" type="3"/>
        <column name="au_templateName" type="12"/>
        <column name="au_advanced" type="3"/>
        <column name="au_loggingLevel" type="12"/>
        <column name="au_priority" type="12"/>
        <column name="au_repositoryAction" type="12"/>
        <column name="au_logRetentionAction" type="12"/>
        <column name="au_childFlows" type="-1"/>
        <column name="au_trackVariables" type="-1"/>
        <column name="au_retainVarXml" type="3"/>
        <column name="au_recoverable" type="3"/>
        <column name="au_realTimeConfiguration" type="3"/>
        <column name="au_webPdXml" type="-1"/>
        <column name="au_OldFlowDescriptor" type="-1"/>
        <column name="au_dataEncryptionAtRest" type="12"/>
        <column name="au_connectDashboardLogging" type="3"/>
    </columnInfo>
</data>
